uniprot_id,pdb_id,in_jcim
O31616,1NG3,True
O31616,1NG4,True
P00175,1LDC,True
P00175,1LTD,True
P00322,1FLA,True
P00322,1FLD,True
P00322,1FLN,True
P00322,1FVX,True
P00322,2FOX,True
P00322,2FVX,True
P00322,3NLL,True
P00322,4NLL,True
P00322,4NUL,True
P00322,5NLL,True
P00322,5NUL,True
P00322,5ULL,True
P00323,1AKR,True
P00323,1AKT,True
P00323,1AKW,True
P00323,1AZL,True
P00323,1C7E,True
P00323,1C7F,True
P00323,1F4P,True
P00323,1FX1,True
P00323,1I1O,True
P00323,1J8Q,True
P00324,1YOB,True
P00324,5K9B,True
P00363,1KF6,True
P00363,2B76,True
P00371,1EVI,True
P00371,1KIF,True
P00387,1UMK,True
P00455,1FNB,True
P05414,1HUV,True
P0A3D9,1FLV,True
P0A3E0,1OBO,True
P0A3E0,1OBV,True
P0A3E0,2V5V,True
P0A9P0,4JDR,True
P0A9P4,1F6M,True
P10340,1CZH,True
P10340,1CZK,True
P10340,1CZL,True
P10340,1CZO,True
P10340,1CZR,True
P10340,1CZU,True
P10340,1D03,True
P10340,1D04,True
P12676,1B4V,True
P12676,1IJH,True
P12676,1N1P,True
P12676,3CNJ,True
P12676,3GYI,True
P12676,3GYJ,True
P13006,1CF3,True
P14070,2FCR,True
P14779,1BVY,True
P14779,4DQL,True
P14920,2DU8,True
P14920,2E48,True
P16435,1B1C,True
P16435,3QFS,True
P17571,1CNE,True
P17571,2CND,True
P20586,1IUW,True
P20932,1HUV,True
P20932,3GIY,True
P21890,1GJR,True
P21890,1QGZ,True
P21890,1QH0,True
P21890,1QUE,True
P21890,1QUF,True
P21890,1W34,True
P21890,1W35,True
P21890,2X3U,True
P21890,3ZBT,True
P21890,3ZBU,True
P21890,4BPR,True
P28861,1FDR,True
P33164,2PIA,True
P37062,1F8W,True
P37062,1NHP,True
P37062,1NHQ,True
P37062,1NHR,True
P37062,1NPX,True
P37063,1POW,True
P53571,1O97,True
P53571,3CLR,True
P53571,3CLS,True
P53571,3CLT,True
P55931,2GMJ,True
P56216,1E0Y,True
P56216,1QLT,True
P56216,1QLU,True
P56216,1VAO,True
P61949,1AHN,True
P80312,3KAQ,True
P80324,1C0L,True
P83686,1NDH,True
P83686,3W2G,True
P83686,3W2I,True
P83686,3W5H,True
Q06319,1BUC,True
Q12284,1JR8,True
Q44467,2J6X,True
Q50497,2OHI,True
Q50497,2OHJ,True
Q5VYX0,3QJ4,True
Q6PHW0,4TTB,True
Q6PHW0,5YAK,True
Q7X2H8,4MJW,True
Q92947,1SIQ,True
Q92947,2R0M,True
Q9Z4P0,1QO8,True
A0A059WYP6,5TUE,False
A0A059WYP6,5TUF,False
A0A059WYP6,5TUI,False
A0A075BSX9,6CR0,False
A0A075TRK9,8BXL,False
A0A0B5RNJ4,6KBW,False
A0A0C6DRW4,3X0X,False
A0A0C6DRW4,3X0Y,False
A0A0H4TXY1,5TUL,False
A0A0M2HFA3,7DVE,False
A0A0R4I990,4ZXV,False
A0A0R4I990,4ZYJ,False
A0A1E3M8P2,7LRN,False
A0A1E7MYN1,7V0B,False
A0A1E7MYN1,7V0D,False
A0A1E7MYN1,7XGB,False
A0A248QE08,5NCC,False
A0A248QE08,6YRU,False
A0A248QE08,6YRV,False
A0A248QE08,6YRX,False
A0A248QE08,6YRZ,False
A0A248QE08,6YS1,False
A0A248QE08,6YS2,False
A0A248QE08,6ZH7,False
A0A248QE08,7AV4,False
A0A248QE08,7R33,False
A0A248QE08,7R34,False
A0A248QE08,7R35,False
A0A248QE08,7R36,False
A0A286R227,5YLY,False
A0A499UB99,7CT4,False
A0QVL2,9DM1,False
A0QWT2,4QJI,False
A0QWT2,6TGV,False
A0QWT2,6TH2,False
A0QWT2,6THC,False
A0QWT2,8OW5,False
A0QWT2,8OWB,False
A0QWT2,8OWP,False
A0QWT2,8OWQ,False
A0QWT2,8OWR,False
A0R607,4AUT,False
A0R607,4F4Q,False
A0R607,4G3T,False
A0R607,4G3U,False
A0R6D0,2WZV,False
A0R6D0,2WZW,False
A1A9Q9,4DY4,False
A1E280,6H43,False
A1E280,6H44,False
A1E280,6IB5,False
A1E280,6SLS,False
A1E280,6SLT,False
A1E280,7AQU,False
A1E280,7AQV,False
A1E280,7CU0,False
A1E280,7CU1,False
A1E280,7CU2,False
A1E280,8AD7,False
A1E280,8AD8,False
A1WUH0,2VXA,False
A2QHE5,4ZA4,False
A2QHE5,4ZA5,False
A2QHE5,4ZA7,False
A2QHE5,4ZA8,False
A2QHE5,4ZA9,False
A2QHE5,4ZAA,False
A2QHE5,4ZAB,False
A2QHE5,6EV3,False
A2QHE5,6EV4,False
A2QHE5,6EV5,False
A2QHE5,6EV6,False
A2QHE5,6EV7,False
A2QHE5,6EV8,False
A2QHE5,6EV9,False
A2QHE5,6EVA,False
A2QHE5,6EVB,False
A2QHE5,6EVC,False
A2QHE5,6EVD,False
A2QHE5,6R2P,False
A2QHE5,6R2R,False
A2QHE5,6R2T,False
A2QHE5,6R2Z,False
A2QHE5,6R30,False
A2QHE5,6R32,False
A2QHE5,6R33,False
A2QHE5,6R34,False
A2QHE5,6R3F,False
A2QHE5,6R3G,False
A2QHE5,6R3I,False
A2QHE5,6R3J,False
A2QHE5,6R3L,False
A2QHE5,6R3N,False
A2QHE5,6R3O,False
A2QHE5,6TIH,False
A2QHE5,6TIJ,False
A2QHE5,6TIL,False
A2QHE5,6TIN,False
A2QHE5,6TIO,False
A2QHE5,7NF3,False
A2QHE5,7NF4,False
A2QHE5,8CRD,False
A2QHE5,8OED,False
A2QHE5,8OEH,False
A2QHE5,8OEO,False
A2RJT9,1DOR,False
A2RJT9,1JQV,False
A2RJT9,1JQX,False
A2RJT9,1JRB,False
A2RJT9,1JRC,False
A2RJT9,1JUB,False
A2RJT9,1JUE,False
A2RJT9,1OVD,False
A2RJT9,2BSL,False
A2RJT9,2BX7,False
A2RJT9,2DOR,False
A2XDA1,5MOG,False
A3RXB7,7ZZK,False
A3SI50,6IJC,False
A3SLM3,5GSN,False
A3SLM3,5IPY,False
A3SLM3,5IQ1,False
A3SLM3,5IQ4,False
A4D0H5,2WES,False
A4D0H5,2WET,False
A4D0H5,2WEU,False
A4IU28,3B9N,False
A4IU28,3B9O,False
A5F5X0,7XK3,False
A5F5X0,7XK4,False
A5F5X0,7XK5,False
A5F5X0,7XK6,False
A5F5X0,7XK7,False
A5F5X0,8A1T,False
A5F5X0,8A1V,False
A5F5X0,8A1W,False
A5F5X0,8A1X,False
A5F5X0,8A1Y,False
A5F5X0,8ACW,False
A5F5X0,8AD0,False
A5F5X0,8EW3,False
A5F5Y3,6NXI,False
A5F5Y3,6NXJ,False
A5F5Y4,4UAJ,False
A5F5Y4,7XK3,False
A5F5Y4,7XK4,False
A5F5Y4,7XK5,False
A5F5Y4,7XK6,False
A5F5Y4,7XK7,False
A5F5Y4,8A1T,False
A5F5Y4,8A1V,False
A5F5Y4,8A1W,False
A5F5Y4,8A1X,False
A5F5Y4,8A1Y,False
A5F5Y4,8ACW,False
A5F5Y4,8AD0,False
A5F5Y4,8AD3,False
A5F5Y4,8AD4,False
A5F5Y4,8AD5,False
A5F5Y4,8EW3,False
A5F5Y7,4U9S,False
A5F5Y7,7XK3,False
A5F5Y7,7XK4,False
A5F5Y7,7XK5,False
A5F5Y7,7XK6,False
A5F5Y7,7XK7,False
A5F5Y7,8A1T,False
A5F5Y7,8A1V,False
A5F5Y7,8A1W,False
A5F5Y7,8A1X,False
A5F5Y7,8A1Y,False
A5F5Y7,8ACW,False
A5F5Y7,8AD0,False
A5F5Y7,8EW3,False
A5VRH5,9DTK,False
A5W4E9,3EF6,False
A5W4E9,4EMI,False
A5W4E9,4EMJ,False
A6T526,7QTY,False
A6T526,7QU0,False
A6T923,3RP6,False
A6T923,3RP7,False
A6T923,3RP8,False
A7HU16,6JDK,False
A8QL58,5Z2G,False
A9CEY7,7OLF,False
A9CH39,4DJA,False
A9CH39,5KCM,False
A9CH39,5LFA,False
A9CH39,6DD6,False
A9CJC9,4U63,False
B0R5M0,1MOG,False
B0R5M0,2CC6,False
B0R5M0,2CC7,False
B0R5M0,2CC8,False
B0R5M0,2CC9,False
B0R5M0,2CCB,False
B0R5M0,2CCC,False
B0R5M0,2CIE,False
B0R5M0,2CIF,False
B0R5M0,2CJC,False
B0R5M0,2VKF,False
B0R5M0,2VKG,False
B0R5M0,2VX9,False
B0R5M0,4B2H,False
B0R5M0,4B2J,False
B0R5M0,4B2K,False
B0R5M0,4B2M,False
B0VDX7,5WUY,False
B1PUC6,4CNJ,False
B1PUC6,4CNK,False
B2AM55,3MKH,False
B2ILS5,4N02,False
B5M9L6,8UP4,False
B5M9L6,8WVB,False
B5M9L6,8WVF,False
B5M9L6,8WVT,False
B5M9L6,8XTZ,False
B5M9L6,8XU7,False
B5Z6I2,6B8S,False
B6BQB2,7D4K,False
B6BQB2,7D4M,False
B6BQB2,7D4N,False
B6CDL6,3PFT,False
B7GS97,4ECD,False
B7GZW7,7UT5,False
B7JBP8,3KPK,False
B7JBP8,3SX6,False
B7JBP8,3SXI,False
B7JBP8,3SY4,False
B7JBP8,3SYI,False
B7JBP8,3SZ0,False
B7JBP8,3SZC,False
B7JBP8,3SZF,False
B7JBP8,3SZW,False
B7JBP8,3T0K,False
B7JBP8,3T14,False
B7JBP8,3T2K,False
B7JBP8,3T2Y,False
B7JBP8,3T2Z,False
B7JBP8,3T31,False
B7UV40,5Z9A,False
B8G5D6,7O0T,False
B8M9J8,6NES,False
B8M9J8,6NET,False
B8M9J8,6NEU,False
B8M9J8,6NEV,False
B8N8Q9,8J59,False
B9K712,6PZ0,False
B9K712,6Q1B,False
B9K712,6Q1L,False
B9K712,6TYK,False
B9WJ66,4ZAD,False
C1I202,4LA4,False
C1I202,4LAF,False
C3UVB0,3MPI,False
C3UVB0,3MPJ,False
C4RPA1,3MXL,False
C4TP09,7ON9,False
C5H429,5DXX,False
C5H429,5DXY,False
C5H429,5DY2,False
C5H429,5DY3,False
C5H881,8GU0,False
C5YJG8,7SUX,False
C5YJG8,7SUZ,False
C5YJG8,7SV0,False
C6KT68,2OK7,False
C6KT68,2OK8,False
C6KT68,3JQP,False
C6KT68,3JQQ,False
C6KT68,3JQR,False
C7DLJ6,4UIR,False
D0VWY5,2R9Z,False
D0VWY5,2RAB,False
D3HKY4,5TUM,False
D7UER1,4UWM,False
D7UER1,5AEC,False
D9J041,5X1Y,False
E4QP00,4UDP,False
E4QP00,4UDQ,False
E4QP00,4UDR,False
E4QP00,6F97,False
E9JFX9,6AK1,False
E9P162,5HY5,False
E9QYP0,4B63,False
E9QYP0,4B64,False
E9QYP0,4B65,False
E9QYP0,4B66,False
E9QYP0,4B67,False
E9QYP0,4B68,False
E9QYP0,4B69,False
E9QYP0,4NZH,False
E9QYP0,5CKU,False
E9QYP0,6X0H,False
E9QYP0,6X0I,False
E9QYP0,6X0J,False
E9QYP0,6X0K,False
E9QYP0,7JVK,False
E9QYP0,7JVL,False
E9RAH5,4NTC,False
F2QY27,5HSA,False
F2R776,5VQB,False
F2R776,6BRD,False
F4KU78,5KO7,False
F4KU78,5KO8,False
F4KU78,5KRD,False
F8G0M4,7DA9,False
F8G0P1,7U6L,False
F8G0P2,5TTJ,False
F8G0P2,5TTK,False
F8G0P2,6C71,False
F8G0P2,7C49,False
F8G0P2,7C4A,False
F8G0P2,7KHN,False
F8G0P2,7KHO,False
F8G0P2,8DQ7,False
F8G0P2,8DQ8,False
F8G0P2,8DSV,False
G2IQS8,7XG9,False
G2IQS8,7XLF,False
G2QA95,5MQ6,False
G2QDQ9,6F72,False
G2QDQ9,6F73,False
G2QG48,5K8E,False
G2QG48,5L6F,False
G2QG48,5L6G,False
G3X982,3ZYV,False
G7CBF5,6TEJ,False
G7CBF5,6TEK,False
G7CBF5,9FW3,False
G7CBF5,9G2K,False
G7CBF5,9G2L,False
G7CBF5,9G2M,False
G7CBF5,9G2P,False
G7CBF5,9G2S,False
G7CBF5,9G2T,False
G7CBF5,9G2V,False
G7CBF5,9G2X,False
G7CBF5,9G2Y,False
G7CBF5,9G2Z,False
G7CBF5,9G36,False
G7CBF5,9G37,False
G7CBF5,9GL3,False
H3JQW0,3UOV,False
H3JQW0,3UOX,False
H3JQW0,3UOY,False
H3JQW0,3UOZ,False
H3JQW0,3UP4,False
H3JQW0,3UP5,False
H6LBB0,7QH2,False
H6LBB1,7QH2,False
H6LBS1,7QH2,False
H6LC30,9ERI,False
H6LC30,9ERJ,False
H6LC30,9ERK,False
H6LC30,9ERL,False
H6LC31,9ERI,False
H6LC31,9ERJ,False
H6LC31,9ERK,False
H6LC31,9ERL,False
H6LGM6,6FAH,False
H6LGM7,6FAH,False
H6LGM8,6FAH,False
H9N291,6ICM,False
I1S2K2,6Y0R,False
I1SB12,3RJ8,False
I1SB12,3RJA,False
I6Y3Q0,4X28,False
I6YCA3,4X28,False
K4L7X3,5AF7,False
K4L7X3,5AHS,False
K4REZ6,5MJI,False
K4REZ6,5MLD,False
K7QRJ5,5XGV,False
L0E155,5WGR,False
L0E155,5WGS,False
L0E155,5WGT,False
L0E155,5WGU,False
L0E155,5WGV,False
L0E155,5WGW,False
L0E155,5WGX,False
L0E155,5WGY,False
L0E155,5WGZ,False
L0E4H0,6PVF,False
L0E4H0,6PVG,False
L0E4H0,6PVH,False
L0E4H0,6PVI,False
L0E4H0,6PVJ,False
L7WC64,4REP,False
L8EUQ6,4K2X,False
M1VMF7,7W2J,False
M1VMF7,7WSQ,False
M1VMF7,8JEJ,False
M1VMF7,8JEK,False
M1VMF7,8K6J,False
M1VMF7,8K6K,False
M1VMF7,8XCM,False
M1VMF7,8XCN,False
O00391,3LLI,False
O00391,3LLK,False
O00391,3Q6O,False
O00391,4IJ3,False
O05268,3LZW,False
O05268,3LZX,False
O07529,1NNI,False
O07529,2GSW,False
O07529,3GFQ,False
O07529,3GFR,False
O07529,3GFS,False
O15229,5X68,False
O24164,1SEZ,False
O24243,5EB4,False
O24243,5EB5,False
O24243,6JBY,False
O24243,6LQY,False
O24243,6LR8,False
O24243,7BWP,False
O24243,7CGS,False
O25776,2BMV,False
O25776,2W5U,False
O26061,3AH5,False
O26255,1EJE,False
O29054,6M8T,False
O29054,6M8U,False
O29428,1I0R,False
O29428,1I0S,False
O31475,5XHU,False
O31616,1RYI,False
O31616,3IF9,False
O33820,1RM6,False
O33820,1SB3,False
O34627,2MWG,False
O34627,2PR5,False
O34627,2PR6,False
O34627,4GCZ,False
O34974,1TVL,False
O34974,1YW1,False
O34974,6ASK,False
O34974,6ASL,False
O41156,2CFA,False
O41156,4FZB,False
O48652,3FY4,False
O48963,2Z6C,False
O48963,4HHD,False
O52582,1YQZ,False
O52682,7P5H,False
O52682,7P8N,False
O52682,7P91,False
O52682,7P92,False
O52792,5ZZP,False
O52792,5ZZQ,False
O52792,5ZZR,False
O52792,5ZZS,False
O52792,5ZZT,False
O52792,5ZZX,False
O52792,5ZZY,False
O52792,5ZZZ,False
O52792,6A00,False
O52792,6A01,False
O52792,6A08,False
O52792,6A0B,False
O52792,6A0D,False
O52792,6A0G,False
O52792,6A0M,False
O52792,6A0O,False
O52792,6A0V,False
O52792,6A0Y,False
O52792,6A11,False
O52792,6A13,False
O52792,6A19,False
O52792,6A1A,False
O52792,6A1B,False
O52792,6A1H,False
O52792,6A1L,False
O52792,6A1M,False
O52792,6A1N,False
O52792,6A1P,False
O52792,6A1R,False
O52792,6A1W,False
O52792,6A21,False
O52792,6A23,False
O52792,6A24,False
O52792,6A36,False
O52792,6A39,False
O52792,6A3D,False
O52792,6A3T,False
O52792,6A4G,False
O52792,6A4H,False
O52792,6AI7,False
O52792,7BSR,False
O53666,6KSE,False
O58308,3KD9,False
O58308,4FX9,False
O58308,5L1N,False
O58586,2R6V,False
O58586,3ZOC,False
O58586,3ZOD,False
O58586,3ZOG,False
O60341,2COM,False
O60341,2DW4,False
O60341,2EJR,False
O60341,2H94,False
O60341,2HKO,False
O60341,2IW5,False
O60341,2L3D,False
O60341,2UXN,False
O60341,2UXX,False
O60341,2V1D,False
O60341,2X0L,False
O60341,2XAF,False
O60341,2XAG,False
O60341,2XAH,False
O60341,2XAJ,False
O60341,2XAQ,False
O60341,2XAS,False
O60341,2Y48,False
O60341,2Z3Y,False
O60341,2Z5U,False
O60341,3ABT,False
O60341,3ABU,False
O60341,3ZMS,False
O60341,3ZMT,False
O60341,3ZMU,False
O60341,3ZMV,False
O60341,3ZMZ,False
O60341,3ZN0,False
O60341,3ZN1,False
O60341,4BAY,False
O60341,4CZZ,False
O60341,4KUM,False
O60341,4UV8,False
O60341,4UV9,False
O60341,4UVA,False
O60341,4UVB,False
O60341,4UVC,False
O60341,4UXN,False
O60341,4XBF,False
O60341,5AFW,False
O60341,5H6Q,False
O60341,5H6R,False
O60341,5IT3,False
O60341,5L3B,False
O60341,5L3C,False
O60341,5L3D,False
O60341,5L3E,False
O60341,5L3F,False
O60341,5L3G,False
O60341,5LBQ,False
O60341,5LGN,False
O60341,5LGT,False
O60341,5LGU,False
O60341,5LHG,False
O60341,5LHH,False
O60341,5LHI,False
O60341,5X60,False
O60341,5YJB,False
O60341,6E1F,False
O60341,6K3E,False
O60341,6KGK,False
O60341,6KGL,False
O60341,6KGM,False
O60341,6KGN,False
O60341,6KGO,False
O60341,6KGP,False
O60341,6KGQ,False
O60341,6KGR,False
O60341,6NQM,False
O60341,6NQU,False
O60341,6NR5,False
O60341,6S35,False
O60341,6TE1,False
O60341,6TUY,False
O60341,6VYP,False
O60341,6W4K,False
O60341,6WC6,False
O60341,7CDC,False
O60341,7CDD,False
O60341,7CDE,False
O60341,7CDF,False
O60341,7CDG,False
O60341,7E0G,False
O60341,7JJL,False
O60341,7JJM,False
O60341,7JK7,False
O60341,7VQS,False
O60341,7VQT,False
O60341,7VQU,False
O60341,7W3L,False
O60341,7XW8,False
O60341,7ZRY,False
O60341,8BOP,False
O60341,8BOX,False
O60341,8F2Z,False
O60341,8F30,False
O60341,8F59,False
O60341,8F6S,False
O60341,8FDV,False
O60341,8FJ4,False
O60341,8FJ7,False
O60341,8FQJ,False
O60341,8FRI,False
O60341,8FRQ,False
O60341,8FRV,False
O60341,8FSK,False
O60341,8GJ6,False
O60341,8INL,False
O60341,8JF5,False
O60341,8Q1G,False
O60341,8Q1H,False
O60341,8Q1J,False
O60341,8UL6,False
O60341,8UL8,False
O60341,8ULB,False
O60341,8ULC,False
O60341,8UMQ,False
O60341,8UNI,False
O60341,8UOM,False
O60341,8YM7,False
O60341,9DWU,False
O60341,9EL7,False
O60341,9EL8,False
O60341,9ELA,False
O60341,9FWG,False
O62137,5K3J,False
O62140,5K3G,False
O62140,5K3H,False
O62140,5K3I,False
O64411,1B37,False
O64411,1B5Q,False
O64411,1H81,False
O64411,1H82,False
O64411,1H83,False
O64411,1H84,False
O64411,1H86,False
O64411,3KPF,False
O64411,3KU9,False
O64411,3L1R,False
O64743,4UD8,False
O65202,1W07,False
O66493,1Q1L,False
O66811,2EJB,False
O66841,6HL2,False
O66841,6HL3,False
O66841,6HL4,False
O66841,6HLA,False
O66841,6HLI,False
O66841,6HLJ,False
O66841,6HLM,False
O66841,6Q9C,False
O66841,6Q9G,False
O66841,6Q9J,False
O66841,6Q9K,False
O66841,6R7P,False
O66841,6SAQ,False
O66841,7Q5Y,False
O66841,8QG1,False
O66841,8QGW,False
O66841,8QH4,False
O66841,8QH7,False
O66841,8QHK,False
O66841,9FDJ,False
O66841,9FDK,False
O66841,9FDV,False
O66841,9FE0,False
O66841,9FE5,False
O66841,9FE7,False
O66841,9FE8,False
O66841,9FEA,False
O66841,9FIF,False
O66841,9FIH,False
O66841,9FII,False
O66841,9FIJ,False
O66841,9FIL,False
O66962,2ZXH,False
O66962,2ZXI,False
O67866,2ARK,False
O67931,3HYV,False
O67931,3HYW,False
O67931,3HYX,False
O74866,1N05,False
O74866,1N06,False
O74866,1N07,False
O74866,1N08,False
O74934,5Y9D,False
O74936,5YS9,False
O77059,4GU5,False
O77059,4JZY,False
O77059,4K03,False
O77059,6WTB,False
O77059,7UD0,False
O77059,8DD7,False
O83774,4IFU,False
O83774,4IFW,False
O83774,4IFX,False
O83774,4IFZ,False
O83774,4IG1,False
O83774,4XDR,False
O83774,4XDT,False
O83774,4XDU,False
O83774,7MGT,False
O84222,7KM2,False
O84222,7KM3,False
O87008,3K86,False
O87008,3K87,False
O87008,3K88,False
O87009,3HWC,False
O87681,7DQX,False
O88867,6LKD,False
O88867,6LKE,False
O89049,1H6V,False
O89049,3EAN,False
O89049,3EAO,False
O89049,4KPR,False
O94851,2E9K,False
O94851,5SZH,False
O94851,5SZI,False
O94851,5SZJ,False
O94851,5SZK,False
O95299,5XTC,False
O95299,5XTD,False
O95299,5XTH,False
O95299,5XTI,False
O95831,1M6I,False
O95831,4BUR,False
O95831,4BV6,False
O95831,4FDC,False
O95831,4LII,False
O95831,5FMH,False
O95831,5FS6,False
O95831,5FS7,False
O95831,5FS8,False
O95831,5FS9,False
O95831,5KVH,False
O95831,5KVI,False
O95831,8D3E,False
O95831,8D3G,False
O95831,8D3H,False
O95831,8D3I,False
O95831,8D3J,False
O95831,8D3K,False
O95831,8D3N,False
O95831,8D3O,False
O95831,8VGY,False
O96759,2UUU,False
O96759,2UUV,False
P00175,1FCB,False
P00175,1KBI,False
P00175,1KBJ,False
P00175,1LCO,False
P00175,1QCW,False
P00175,1SZE,False
P00175,1SZF,False
P00175,1SZG,False
P00175,2OZ0,False
P00175,3KS0,False
P00175,8HCO,False
P00321,2FZ5,False
P00322,2FAX,False
P00322,2FDX,False
P00322,2FLV,False
P00322,6NUL,False
P00323,1AKQ,False
P00323,1AKU,False
P00323,1AKV,False
P00323,1BU5,False
P00323,1J9E,False
P00323,1J9G,False
P00323,1WSB,False
P00323,1WSW,False
P00323,1XT6,False
P00323,1XYV,False
P00323,1XYY,False
P00323,2FX2,False
P00323,3FX2,False
P00323,4FX2,False
P00323,5FX2,False
P00323,5TGZ,False
P00323,5V56,False
P00323,5V57,False
P00323,5XR8,False
P00323,5XRA,False
P00323,5YOB,False
P00323,5YOC,False
P00323,5YOE,False
P00323,5YOG,False
P00323,6LI0,False
P00323,6LI1,False
P00323,7DDZ,False
P00323,7EPE,False
P00323,7EPF,False
P00323,7K15,False
P00323,7V3Z,False
P00363,1KFY,False
P00363,1L0V,False
P00363,3CIR,False
P00363,3P4P,False
P00363,3P4Q,False
P00363,3P4R,False
P00363,3P4S,False
P00363,4KX6,False
P00363,5VPN,False
P00363,6AWF,False
P00363,6B58,False
P00371,1AN9,False
P00371,1DAO,False
P00371,1DDO,False
P00371,1VE9,False
P00371,3WGT,False
P00371,4YJD,False
P00371,4YJF,False
P00371,4YJG,False
P00371,4YJH,False
P00371,5WWV,False
P00371,5WX2,False
P00387,7THG,False
P00387,7TNV,False
P00387,7TSW,False
P00387,7W3O,False
P00388,1AMO,False
P00388,1J9Z,False
P00388,1JA0,False
P00388,1JA1,False
P00388,3ES9,False
P00388,3OJW,False
P00388,3OJX,False
P00388,3WKT,False
P00388,4Y7C,False
P00388,4Y9R,False
P00388,4Y9U,False
P00388,4YAF,False
P00388,4YAL,False
P00388,4YAO,False
P00388,4YAU,False
P00388,4YAW,False
P00388,5URD,False
P00388,5URE,False
P00388,5URG,False
P00388,5URH,False
P00388,5URI,False
P00388,6J79,False
P00388,6J7A,False
P00388,6J7I,False
P00388,6NJR,False
P00388,7L18,False
P00388,9EF0,False
P00390,1ALG,False
P00390,1BWC,False
P00390,1DNC,False
P00390,1GRA,False
P00390,1GRB,False
P00390,1GRE,False
P00390,1GRF,False
P00390,1GRG,False
P00390,1GRH,False
P00390,1GRT,False
P00390,1GSN,False
P00390,1K4Q,False
P00390,1XAN,False
P00390,2AAQ,False
P00390,2GH5,False
P00390,2GRT,False
P00390,3DJG,False
P00390,3DJJ,False
P00390,3DK4,False
P00390,3DK8,False
P00390,3DK9,False
P00390,3GRS,False
P00390,3GRT,False
P00390,3SQP,False
P00390,4GR1,False
P00390,4GRT,False
P00390,5GRT,False
P00392,1ZK7,False
P00392,1ZX9,False
P00392,2KT2,False
P00392,2KT3,False
P00392,4K7Z,False
P00392,4K8D,False
P00438,1BF3,False
P00438,1BGJ,False
P00438,1BGN,False
P00438,1BKW,False
P00438,1CC4,False
P00438,1CC6,False
P00438,1CJ2,False
P00438,1CJ3,False
P00438,1CJ4,False
P00438,1PBB,False
P00438,1PBC,False
P00438,1PBD,False
P00438,1PBE,False
P00438,1PBF,False
P00438,1PDH,False
P00438,1PHH,False
P00438,2PHH,False
P00455,1BX0,False
P00455,1BX1,False
P00455,1FNC,False
P00455,1FND,False
P00455,1FRN,False
P00455,1FRQ,False
P00914,1DNP,False
P03817,2HNA,False
P03817,2HNB,False
P04839,3A1F,False
P04839,7U8G,False
P04839,8GZ3,False
P04839,8KEI,False
P04839,8WEJ,False
P04839,8X2L,False
P04842,5I68,False
P05327,1OWL,False
P05327,1OWM,False
P05327,1OWN,False
P05327,1OWO,False
P05327,1OWP,False
P05327,1QNF,False
P05327,1TEZ,False
P05414,1AL7,False
P05414,1AL8,False
P05414,1GOX,False
P05414,1GYL,False
P05414,1P4C,False
P05414,1P5B,False
P05414,2A7N,False
P05414,2A7P,False
P05414,2A85,False
P05982,1QRD,False
P06149,1F0X,False
P06617,4IV9,False
P06715,1GER,False
P06715,1GES,False
P06715,1GET,False
P06715,1GEU,False
P07003,3EY9,False
P07003,3EYA,False
P07739,1BRL,False
P07739,1BSL,False
P07739,1LUC,False
P07739,1XKJ,False
P07739,3FGC,False
P07740,1BRL,False
P07740,1LUC,False
P07740,3FGC,False
P07771,1KRH,False
P07872,1IS2,False
P07872,2DDH,False
P08142,6LPI,False
P08159,2BVF,False
P08159,2BVG,False
P08159,2BVH,False
P08165,1CJC,False
P08165,1E1K,False
P08165,1E1L,False
P08165,1E1M,False
P08165,1E1N,False
P08165,1E6E,False
P08373,1MBB,False
P08373,1MBT,False
P08373,1UXY,False
P08373,2MBR,False
P08373,2Q85,False
P09063,1LVL,False
P09141,6FRI,False
P09142,1NFP,False
P09142,4J2P,False
P09546,1TIW,False
P09546,1TJ0,False
P09546,1TJ1,False
P09546,1TJ2,False
P09546,2AY0,False
P09546,2FZM,False
P09546,2FZN,False
P09546,2GPE,False
P09546,2RBF,False
P09546,3E2Q,False
P09546,3E2R,False
P09546,3E2S,False
P09546,3ITG,False
P09546,4JNY,False
P09546,4JNZ,False
P09546,4O8A,False
P09546,7MWT,False
P09546,7MWU,False
P09546,7MWV,False
P09546,7SQN,False
P09622,1ZMC,False
P09622,1ZMD,False
P09622,1ZY8,False
P09622,2F5Z,False
P09622,3RNM,False
P09622,5J5Z,False
P09622,5NHG,False
P09622,6HG8,False
P09622,6I4P,False
P09622,6I4Q,False
P09622,6I4R,False
P09622,6I4S,False
P09622,6I4T,False
P09622,6I4U,False
P09622,6I4Z,False
P09622,7PSC,False
P09622,7ZYT,False
P09624,1JEH,False
P09624,1V59,False
P09788,1DII,False
P09788,1DIQ,False
P09788,1WVE,False
P09788,1WVF,False
P0A2Y6,1QXO,False
P0A3D9,1RCF,False
P0A3E0,1DX9,False
P0A3E0,1FTG,False
P0A3E0,1QHE,False
P0A3E0,2KQU,False
P0A3E0,2V5U,False
P0A3E0,3ESX,False
P0A3E0,3ESY,False
P0A3E0,3ESZ,False
P0A3E0,5LJP,False
P0A6U3,3CES,False
P0A6U3,3CP2,False
P0A754,3EYW,False
P0A754,3L9W,False
P0A754,3L9X,False
P0A7E1,1F76,False
P0A7E1,7T5K,False
P0A7E1,7T5Y,False
P0A7E1,7T6C,False
P0A7E1,7T6H,False
P0A8G6,2R96,False
P0A8G6,2R97,False
P0A8G6,2RG1,False
P0A8G6,3B6I,False
P0A8G6,3B6J,False
P0A8G6,3B6K,False
P0A8G6,3B6M,False
P0A8G6,3ZHO,False
P0A8G6,4YQE,False
P0A8G6,5F12,False
P0A9P4,1CL0,False
P0A9P4,1TDE,False
P0A9P4,1TDF,False
P0A9P4,1TRB,False
P0AAB4,2IDB,False
P0AAB4,5M1B,False
P0AAB4,5M1C,False
P0AAB4,5M1D,False
P0AAB4,5M1E,False
P0AB85,2O18,False
P0AB85,4XGV,False
P0AB85,4XGW,False
P0AB85,4XGX,False
P0ABQ0,1U7U,False
P0ABQ0,1U7W,False
P0ABQ0,1U7Z,False
P0ABQ0,1U80,False
P0ABT5,6EI9,False
P0ABY4,2MT9,False
P0ABY4,2MTB,False
P0AC41,1NEK,False
P0AC41,1NEN,False
P0AC41,2ACZ,False
P0AC41,2WDQ,False
P0AC41,2WDR,False
P0AC41,2WDV,False
P0AC41,2WP9,False
P0AC41,2WS3,False
P0AC41,2WU2,False
P0AC41,2WU5,False
P0AC41,6C12,False
P0AC41,7JZ2,False
P0ACY1,3BM1,False
P0ACY1,3BM2,False
P0AEN1,1QFJ,False
P0AEY7,2AMJ,False
P0AEY7,2B3D,False
P0AEZ1,1B5T,False
P0AEZ1,1ZP3,False
P0AEZ1,1ZP4,False
P0AEZ1,1ZPT,False
P0AEZ1,1ZRQ,False
P0AEZ1,2FMN,False
P0AEZ1,2FMO,False
P0AEZ1,3FST,False
P0AEZ1,3FSU,False
P0AEZ1,6PEY,False
P0AFI7,1DNL,False
P0AFI7,1G76,False
P0AFI7,1G77,False
P0AFI7,1G78,False
P0AFI7,1G79,False
P0AFI7,1JNW,False
P0AFI7,1WV4,False
P0AFI7,6YLZ,False
P0AFI7,6YMH,False
P0AGE6,3SVL,False
P0C278,1E39,False
P0C278,1JRX,False
P0C278,1JRY,False
P0C278,1JRZ,False
P0C278,1KSS,False
P0C278,1KSU,False
P0C278,1LJ1,False
P0C278,1M64,False
P0C278,1P2E,False
P0C278,1P2H,False
P0C278,1Q9I,False
P0C278,1QJD,False
P0C278,1Y0P,False
P0C278,2B7R,False
P0C278,2B7S,False
P0C6E0,8A1U,False
P0C6E0,8ACY,False
P0C6E0,8EVU,False
P0CC17,5TS5,False
P0CH62,2PGN,False
P0CH62,2PGO,False
P0CH62,4D5E,False
P0CH62,4D5G,False
P0DI84,3KVE,False
P0DPQ8,5OGX,False
P0DX42,4QLX,False
P0DX42,4QLY,False
P0DXB2,7US3,False
P10340,1CZN,False
P10340,1OFV,False
P10340,6KIF,False
P10340,8HGQ,False
P10340,8HGR,False
P10902,1CHU,False
P10902,1KNP,False
P10902,1KNR,False
P10933,1QFY,False
P10933,1QFZ,False
P10933,1QG0,False
P10933,1QGA,False
P10933,2XNC,False
P10933,3MHP,False
P10933,4AF6,False
P10933,4AF7,False
P11310,1EGC,False
P11310,1EGD,False
P11310,1EGE,False
P11310,1T9G,False
P11310,2A1T,False
P11310,4P13,False
P11310,8SGP,False
P11959,1EBD,False
P12676,1B8S,False
P12676,1CBO,False
P12676,1CC2,False
P12676,1MXT,False
P12676,1N4U,False
P12676,1N4V,False
P12676,1N4W,False
P12676,2GEW,False
P12676,3B3R,False
P12676,3B6D,False
P12676,4REK,False
P12676,4U2L,False
P12676,4U2S,False
P12676,4U2T,False
P12676,4XWR,False
P12676,4XXG,False
P12676,5KWF,False
P12745,1FVP,False
P13006,1GAL,False
P13006,3QVP,False
P13006,3QVR,False
P13006,5NIT,False
P13006,5NIW,False
P13035,2QCU,False
P13035,2R45,False
P13035,2R46,False
P13035,2R4E,False
P13035,2R4J,False
P13804,1EFV,False
P13804,1T9G,False
P13804,2A1T,False
P13804,2A1U,False
P14218,1LPF,False
P14779,1BU7,False
P14779,1FAG,False
P14779,1FAH,False
P14779,1JME,False
P14779,1JPZ,False
P14779,1P0V,False
P14779,1P0W,False
P14779,1P0X,False
P14779,1SMI,False
P14779,1SMJ,False
P14779,1YQO,False
P14779,1YQP,False
P14779,1ZO4,False
P14779,1ZO9,False
P14779,1ZOA,False
P14779,2BMH,False
P14779,2HPD,False
P14779,2IJ2,False
P14779,2IJ3,False
P14779,2IJ4,False
P14779,2J1M,False
P14779,2J4S,False
P14779,2NNB,False
P14779,2UWH,False
P14779,2X7Y,False
P14779,2X80,False
P14779,3BEN,False
P14779,3CBD,False
P14779,3DGI,False
P14779,3EKB,False
P14779,3EKD,False
P14779,3EKF,False
P14779,3HF2,False
P14779,3KX3,False
P14779,3KX4,False
P14779,3KX5,False
P14779,3M4V,False
P14779,3NPL,False
P14779,3PSX,False
P14779,3WSP,False
P14779,4DQK,False
P14779,4DTW,False
P14779,4DTY,False
P14779,4DTZ,False
P14779,4DU2,False
P14779,4DUA,False
P14779,4DUB,False
P14779,4DUC,False
P14779,4DUD,False
P14779,4DUE,False
P14779,4DUF,False
P14779,4H23,False
P14779,4H24,False
P14779,4HGF,False
P14779,4HGG,False
P14779,4HGH,False
P14779,4HGI,False
P14779,4HGJ,False
P14779,4KEW,False
P14779,4KEY,False
P14779,4KF0,False
P14779,4KF2,False
P14779,4KPA,False
P14779,4KPB,False
P14779,4O4P,False
P14779,4RSN,False
P14779,4WG2,False
P14779,4ZF6,False
P14779,4ZF8,False
P14779,4ZFA,False
P14779,4ZFB,False
P14779,5B2U,False
P14779,5B2V,False
P14779,5B2W,False
P14779,5B2X,False
P14779,5B2Y,False
P14779,5DYP,False
P14779,5DYZ,False
P14779,5E78,False
P14779,5E7Y,False
P14779,5E9Z,False
P14779,5JQ2,False
P14779,5JQU,False
P14779,5JQV,False
P14779,5JTD,False
P14779,5OG9,False
P14779,5UCW,False
P14779,5XA3,False
P14779,5XHJ,False
P14779,5ZIS,False
P14779,5ZLH,False
P14779,6H1O,False
P14779,6H1S,False
P14779,6HN8,False
P14779,6IAO,False
P14779,6JLV,False
P14779,6JMH,False
P14779,6JMW,False
P14779,6JO1,False
P14779,6JS8,False
P14779,6JVC,False
P14779,6JZS,False
P14779,6K24,False
P14779,6K3Q,False
P14779,6K58,False
P14779,6K9S,False
P14779,6L1A,False
P14779,6L1B,False
P14779,6LY4,False
P14779,7CKN,False
P14779,7CON,False
P14779,7COO,False
P14779,7CP8,False
P14779,7CVR,False
P14779,7CX6,False
P14779,7CX8,False
P14779,7CZI,False
P14779,7D0T,False
P14779,7D0U,False
P14779,7D1F,False
P14779,7E46,False
P14779,7EGN,False
P14779,7W97,False
P14779,7W9D,False
P14779,7W9J,False
P14779,7WDD,False
P14779,7WDE,False
P14779,7WDG,False
P14779,7WDH,False
P14779,7WDI,False
P14779,7WG0,False
P14779,7WY1,False
P14779,7WY2,False
P14779,7WY3,False
P14779,7WY4,False
P14779,7XZK,False
P14779,7Y0P,False
P14779,7Y0Q,False
P14779,7Y0R,False
P14779,7Y0S,False
P14779,7Y0T,False
P14779,7Y0U,False
P14779,7Y9J,False
P14779,7Y9K,False
P14779,7Y9L,False
P14779,7Y9M,False
P14779,7YD9,False
P14779,7YDA,False
P14779,7YDB,False
P14779,7YDC,False
P14779,7YDD,False
P14779,7YDE,False
P14779,7YDL,False
P14779,7YFT,False
P14779,7YJD,False
P14779,7YJE,False
P14779,7YJF,False
P14779,7YJG,False
P14779,7YJH,False
P14779,8DME,False
P14779,8DMG,False
P14779,8DSG,False
P14779,8HON,False
P14779,8HOO,False
P14779,8HOP,False
P14779,8HOQ,False
P14779,8HOR,False
P14779,8HOS,False
P14779,8HOT,False
P14779,8HOU,False
P14779,8JC3,False
P14779,8JC4,False
P14779,8Q2F,False
P14779,8QZE,False
P14779,8QZF,False
P14779,8YAY,False
P14779,8YAZ,False
P14779,8YB0,False
P14779,8YB1,False
P14779,8YB2,False
P14779,8YB3,False
P14779,9ISS,False
P14779,9IST,False
P14779,9ISU,False
P14920,2E49,False
P14920,2E4A,False
P14920,2E82,False
P14920,3CUK,False
P14920,3G3E,False
P14920,3W4I,False
P14920,3W4J,False
P14920,3W4K,False
P14920,3ZNN,False
P14920,3ZNO,False
P14920,3ZNP,False
P14920,3ZNQ,False
P14920,4QFC,False
P14920,4QFD,False
P14920,5ZJ9,False
P14920,5ZJA,False
P14920,6KBP,False
P14920,7U9S,False
P14920,7U9U,False
P14920,8HY5,False
P15245,1FOH,False
P15245,1PN0,False
P15559,1D4A,False
P15559,1DXO,False
P15559,1GG5,False
P15559,1H66,False
P15559,1H69,False
P15559,1KBO,False
P15559,1KBQ,False
P15559,1QBG,False
P15559,2F1O,False
P15559,3JSX,False
P15559,4CET,False
P15559,4CF6,False
P15559,5A4K,False
P15559,5EA2,False
P15559,5EAI,False
P15559,5FUQ,False
P15559,6FY4,False
P15559,6LLC,False
P15559,8C9J,False
P15559,8OK0,False
P15559,8PQN,False
P15559,8RFM,False
P15559,8RFN,False
P15651,1JQI,False
P15888,3HZN,False
P16083,1QR2,False
P16083,1SG0,False
P16083,1XI2,False
P16083,1ZX1,False
P16083,2BZS,False
P16083,2QMY,False
P16083,2QMZ,False
P16083,2QR2,False
P16083,2QWX,False
P16083,2QX4,False
P16083,2QX6,False
P16083,2QX8,False
P16083,2QX9,False
P16083,3FW1,False
P16083,3G5M,False
P16083,3GAM,False
P16083,3NFR,False
P16083,3NHF,False
P16083,3NHJ,False
P16083,3NHK,False
P16083,3NHL,False
P16083,3NHP,False
P16083,3NHR,False
P16083,3NHS,False
P16083,3NHU,False
P16083,3NHW,False
P16083,3NHY,False
P16083,3O2N,False
P16083,3O73,False
P16083,3OVM,False
P16083,3OWH,False
P16083,3OWX,False
P16083,3OX1,False
P16083,3OX2,False
P16083,3OX3,False
P16083,3TE7,False
P16083,3TEM,False
P16083,3TZB,False
P16083,3UXE,False
P16083,3UXH,False
P16083,4FGJ,False
P16083,4FGK,False
P16083,4FGL,False
P16083,4GQI,False
P16083,4GR9,False
P16083,4QOD,False
P16083,4QOE,False
P16083,4QOF,False
P16083,4QOG,False
P16083,4QOH,False
P16083,4QOI,False
P16083,4QOJ,False
P16083,4U7F,False
P16083,4U7G,False
P16083,4U7H,False
P16083,4XDG,False
P16083,4XDH,False
P16083,4ZVK,False
P16083,4ZVL,False
P16083,4ZVM,False
P16083,4ZVN,False
P16083,5BUC,False
P16083,5LBT,False
P16083,5LBU,False
P16083,5LBW,False
P16083,5LBY,False
P16083,5LBZ,False
P16083,7O4D,False
P16099,1DJN,False
P16099,1DJQ,False
P16099,1O94,False
P16099,1O95,False
P16099,2TMD,False
P16219,2VIG,False
P16219,7Y0A,False
P16219,7Y0B,False
P16219,8SGS,False
P16435,3FJO,False
P16435,3QE2,False
P16435,3QFC,False
P16435,3QFR,False
P16435,3QFT,False
P16435,5EMN,False
P16435,5FA6,False
P16603,2BF4,False
P16603,2BN4,False
P16603,2BPO,False
P16603,3FJO,False
P16640,1Q1R,False
P16640,1Q1W,False
P16640,3LB8,False
P16641,4WO8,False
P16641,4WOD,False
P16641,4WOE,False
P17117,1F5V,False
P17117,7NB9,False
P17117,7NIY,False
P17117,7NMP,False
P17117,7NNX,False
P17117,7Q0O,False
P17117,7Z0W,False
P17117,8AJX,False
P17412,1E7P,False
P17412,1QLB,False
P17412,2BS2,False
P17412,2BS3,False
P17412,2BS4,False
P17571,1CNF,False
P17597,1YBH,False
P17597,1YHY,False
P17597,1YHZ,False
P17597,1YI0,False
P17597,1YI1,False
P17597,1Z8N,False
P17597,3E9Y,False
P17597,3EA4,False
P17597,5K2O,False
P17597,5K3S,False
P17597,5K6Q,False
P17597,5K6R,False
P17597,5K6T,False
P17597,5WJ1,False
P17597,6U9H,False
P17597,6VZ8,False
P17597,7STQ,False
P17597,7TZZ,False
P17597,7U1D,False
P17597,7U1U,False
P17597,7U25,False
P17597,8ET4,False
P17597,8ET5,False
P17597,9C4P,False
P17597,9C4Q,False
P17597,9C4R,False
P18925,3LAD,False
P19480,1HYU,False
P19480,1ZYN,False
P19480,1ZYP,False
P19914,1FFU,False
P19914,1FFV,False
P19920,1N5W,False
P19920,1N60,False
P19920,1N61,False
P19920,1N62,False
P19920,1N63,False
P19920,1ZXI,False
P20070,1I7P,False
P20070,1IB0,False
P20070,1QX4,False
P20586,1D7L,False
P20586,1DOB,False
P20586,1DOC,False
P20586,1DOD,False
P20586,1DOE,False
P20586,1IUS,False
P20586,1IUT,False
P20586,1IUU,False
P20586,1IUV,False
P20586,1IUX,False
P20586,1K0I,False
P20586,1K0J,False
P20586,1K0L,False
P20586,1PXA,False
P20586,1PXB,False
P20586,1PXC,False
P20586,1YKJ,False
P20586,6JU1,False
P20586,8Y2S,False
P20932,1P4C,False
P20932,1P5B,False
P20932,2A7N,False
P20932,2A7P,False
P20932,2A85,False
P20932,6BFG,False
P21375,5GLG,False
P21375,5ZYN,False
P21375,6KU6,False
P21396,1O5W,False
P21397,2BXR,False
P21397,2BXS,False
P21397,2Z5X,False
P21397,2Z5Y,False
P21578,8E4C,False
P21578,8EMA,False
P21685,4DGK,False
P21795,6DVH,False
P21795,6DVI,False
P21890,1B2R,False
P21890,1BJK,False
P21890,1BQE,False
P21890,1E62,False
P21890,1E63,False
P21890,1E64,False
P21890,1EWY,False
P21890,1GO2,False
P21890,1GR1,False
P21890,1H42,False
P21890,1H85,False
P21890,1OGI,False
P21890,1OGJ,False
P21890,1QGY,False
P21890,1W87,False
P21890,2BMW,False
P21890,2BSA,False
P21890,2VYQ,False
P21890,2VZL,False
P21890,3ZC3,False
P21890,4C43,False
P22637,1COY,False
P22637,3COX,False
P22868,1JQ4,False
P22868,1TVC,False
P22985,1WYG,False
P22985,2E3T,False
P22985,3AN1,False
P22985,4YRW,False
P22985,4YSW,False
P22985,4YTY,False
P22985,4YTZ,False
P22985,6A7X,False
P22985,6ABU,False
P22985,6AC1,False
P22985,6AC4,False
P22985,6AD4,False
P22985,6ADJ,False
P22985,6AJU,False
P23262,6BZ5,False
P23342,1ZOV,False
P24232,1GVH,False
P25006,1KCB,False
P25006,1NIA,False
P25006,1NIB,False
P25006,1NIC,False
P25006,1NID,False
P25006,1NIE,False
P25006,1NIF,False
P25006,1RZP,False
P25006,1RZQ,False
P25006,2AVF,False
P25006,2BW4,False
P25006,2BW5,False
P25006,2BWD,False
P25006,2BWI,False
P25006,2NRD,False
P25006,2Y1A,False
P25006,5AKR,False
P25006,5I6K,False
P25006,5I6L,False
P25006,5I6M,False
P25006,5I6N,False
P25006,5I6O,False
P25006,5I6P,False
P25006,5N8F,False
P25006,5N8G,False
P25006,5N8H,False
P25006,5N8I,False
P25006,5OF5,False
P25006,5OF6,False
P25006,5OF7,False
P25006,5OF8,False
P25006,5OFC,False
P25006,5OFD,False
P25006,5OFE,False
P25006,5OFF,False
P25006,5OFG,False
P25006,5OFH,False
P25006,5OG2,False
P25006,5OG3,False
P25006,5OG4,False
P25006,5OG5,False
P25006,5OG6,False
P25006,5OGF,False
P25006,5OGG,False
P25006,6GB8,False
P25006,6GBB,False
P25006,6GBY,False
P25006,6GCG,False
P25006,6GSQ,False
P25006,6GT0,False
P25006,6GT2,False
P25006,6GTI,False
P25006,6GTJ,False
P25006,6GTK,False
P25006,6GTL,False
P25006,6GTN,False
P25006,6KNF,False
P25006,6KNG,False
P25006,6QWG,False
P25006,6ZU6,False
P25006,6ZUA,False
P25006,6ZUB,False
P25006,6ZUD,False
P25006,6ZUT,False
P25535,4K22,False
P25708,5LC5,False
P25708,5LDW,False
P25708,5LDX,False
P25708,5O31,False
P25708,7DGQ,False
P25708,7DGR,False
P25708,7DGS,False
P25708,7DGZ,False
P25708,7DH0,False
P25708,7DKF,False
P25708,7QSD,False
P25708,7QSK,False
P25708,7QSL,False
P25708,7QSM,False
P25708,7QSN,False
P25708,7QSO,False
P25708,7R41,False
P25708,7R42,False
P25708,7R43,False
P25708,7R44,False
P25708,7R45,False
P25708,7R46,False
P25708,7R47,False
P25708,7R48,False
P25708,7R4C,False
P25708,7R4D,False
P25708,7R4F,False
P25708,7R4G,False
P25708,8Q0A,False
P25708,8Q0F,False
P25708,8Q0J,False
P25708,8Q0M,False
P25708,8Q0O,False
P25708,8Q0Q,False
P25708,8Q1P,False
P25708,8Q1U,False
P25708,8Q1Y,False
P25708,8Q25,False
P25708,8Q45,False
P25708,8Q46,False
P25708,8Q47,False
P25708,8Q48,False
P25708,8Q49,False
P25708,8Q4A,False
P26440,1IVH,False
P26440,8SGR,False
P26492,3F6R,False
P26492,3F6S,False
P26492,3F90,False
P27338,1GOS,False
P27338,1OJ9,False
P27338,1OJA,False
P27338,1OJC,False
P27338,1OJD,False
P27338,1S2Q,False
P27338,1S2Y,False
P27338,1S3B,False
P27338,1S3E,False
P27338,2BK3,False
P27338,2BK4,False
P27338,2BK5,False
P27338,2BYB,False
P27338,2C64,False
P27338,2C65,False
P27338,2C66,False
P27338,2C67,False
P27338,2C70,False
P27338,2C72,False
P27338,2C73,False
P27338,2C75,False
P27338,2C76,False
P27338,2V5Z,False
P27338,2V60,False
P27338,2V61,False
P27338,2VRL,False
P27338,2VRM,False
P27338,2VZ2,False
P27338,2XCG,False
P27338,2XFN,False
P27338,2XFO,False
P27338,2XFP,False
P27338,2XFQ,False
P27338,2XFU,False
P27338,3PO7,False
P27338,3ZYX,False
P27338,4A79,False
P27338,4A7A,False
P27338,4CRT,False
P27338,5MRL,False
P27338,6FVZ,False
P27338,6FW0,False
P27338,6FWC,False
P27338,6RKB,False
P27338,6RKP,False
P27338,6RLE,False
P27338,6YT2,False
P27338,7B0V,False
P27338,7B0Z,False
P27338,7P4F,False
P27338,7P4H,False
P27338,7ZW3,False
P27338,9FJT,False
P27696,1OZF,False
P27696,1OZG,False
P27696,1OZH,False
P27696,5D6R,False
P27696,5DX6,False
P27696,5WDG,False
P27882,3W4Y,False
P27882,4E0H,False
P27882,4E0I,False
P28330,8W0T,False
P28330,8W0U,False
P28330,8W0Z,False
P28593,1AOG,False
P28593,1BZL,False
P28593,1GXF,False
P28593,1NDA,False
P28777,1R52,False
P28777,1R53,False
P28861,2XNJ,False
P29473,1D0C,False
P29473,1D0O,False
P29473,1D1V,False
P29473,1D1W,False
P29473,1D1X,False
P29473,1D1Y,False
P29473,1DM6,False
P29473,1DM7,False
P29473,1DM8,False
P29473,1DMI,False
P29473,1DMJ,False
P29473,1DMK,False
P29473,1ED4,False
P29473,1ED5,False
P29473,1ED6,False
P29473,1FOI,False
P29473,1FOJ,False
P29473,1FOL,False
P29473,1FOO,False
P29473,1FOP,False
P29473,1I83,False
P29473,1NSE,False
P29473,1P6L,False
P29473,1P6M,False
P29473,1P6N,False
P29473,1Q2O,False
P29473,1RS8,False
P29473,1RS9,False
P29473,1ZZS,False
P29473,1ZZT,False
P29473,2G6O,False
P29473,2HX2,False
P29473,2NSE,False
P29473,3DQS,False
P29473,3DQT,False
P29473,3E7S,False
P29473,3JWW,False
P29473,3JWX,False
P29473,3JWY,False
P29473,3JWZ,False
P29473,3N5P,False
P29473,3N5Q,False
P29473,3N5R,False
P29473,3N5S,False
P29473,3N5T,False
P29473,3NLD,False
P29473,3NLE,False
P29473,3NLF,False
P29473,3NLG,False
P29473,3NLH,False
P29473,3NLI,False
P29473,3NLT,False
P29473,3NLU,False
P29473,3NSE,False
P29473,3PNH,False
P29473,3RQO,False
P29473,3RQP,False
P29473,4C3A,False
P29473,4CAR,False
P29473,4CFT,False
P29473,4CTY,False
P29473,4CTZ,False
P29473,4CU0,False
P29473,4CU1,False
P29473,4CUL,False
P29473,4CUM,False
P29473,4CUN,False
P29473,4CVG,False
P29473,4CWV,False
P29473,4CWW,False
P29473,4CWX,False
P29473,4CWY,False
P29473,4CWZ,False
P29473,4CX0,False
P29473,4CX1,False
P29473,4CX2,False
P29473,4D33,False
P29473,4D34,False
P29473,4D35,False
P29473,4D36,False
P29473,4D37,False
P29473,4D38,False
P29473,4D39,False
P29473,4D3A,False
P29473,4IMX,False
P29473,4JSK,False
P29473,4JSL,False
P29473,4JSM,False
P29473,4K5H,False
P29473,4K5I,False
P29473,4K5J,False
P29473,4K5K,False
P29473,4KCP,False
P29473,4KCQ,False
P29473,4KCR,False
P29473,4KCS,False
P29473,4LUW,False
P29473,4NSE,False
P29473,4UH7,False
P29473,4UH8,False
P29473,4UH9,False
P29473,4UHA,False
P29473,4UPQ,False
P29473,4UPR,False
P29473,4UPS,False
P29473,4UPT,False
P29473,5ADJ,False
P29473,5ADK,False
P29473,5ADL,False
P29473,5ADM,False
P29473,5ADN,False
P29473,5FJ2,False
P29473,5FJ3,False
P29473,5FVY,False
P29473,5FVZ,False
P29473,5NSE,False
P29473,5UOD,False
P29473,5VV6,False
P29473,5VV7,False
P29473,5VV8,False
P29473,5VV9,False
P29473,5VVA,False
P29473,5VVG,False
P29473,5VVN,False
P29473,6NSE,False
P29473,7NSE,False
P29473,8NSE,False
P29473,9NSE,False
P29474,1M9J,False
P29474,1M9K,False
P29474,1M9M,False
P29474,1M9Q,False
P29474,1M9R,False
P29474,1NIW,False
P29474,2LL7,False
P29474,2MG5,False
P29474,2N8J,False
P29474,3EAH,False
P29474,3NOS,False
P29474,4D1O,False
P29474,4D1P,False
P29474,5UO8,False
P29474,5UO9,False
P29474,5UOA,False
P29474,5UOB,False
P29474,5UOC,False
P29474,5VVB,False
P29474,5VVC,False
P29474,5VVD,False
P29474,5XOF,False
P29474,6AV6,False
P29474,6AV7,False
P29474,6CIE,False
P29474,6CIF,False
P29474,6NH1,False
P29474,6NH2,False
P29474,6NH3,False
P29474,6NH4,False
P29474,6NH5,False
P29474,6NH6,False
P29474,6NH7,False
P29474,6NH8,False
P29474,6NHF,False
P29474,6POU,False
P29474,6POV,False
P29474,6POW,False
P29474,6POX,False
P29474,6POY,False
P29474,6POZ,False
P29474,6PP0,False
P29474,6PP1,False
P29474,6PP2,False
P29474,6PP3,False
P29474,6PP4,False
P29474,7M56,False
P29474,7TSG,False
P29474,7TSH,False
P29474,7TSI,False
P29474,7TSK,False
P29474,7TSL,False
P29474,7TSM,False
P29474,7TSN,False
P29474,7TSO,False
P29474,7TSP,False
P29474,7UAO,False
P29474,8FGN,False
P29474,8FGO,False
P29474,8FGP,False
P29474,8FGQ,False
P29474,8FGR,False
P29474,8FGS,False
P29474,8FGT,False
P29474,8FGU,False
P29474,8UFR,False
P29474,8UFS,False
P29474,8UFT,False
P29474,8UFU,False
P29475,4D1N,False
P29475,4UCH,False
P29475,4UH5,False
P29475,4UH6,False
P29475,4V3U,False
P29475,5ADF,False
P29475,5ADG,False
P29475,5ADI,False
P29475,5FVU,False
P29475,5FVV,False
P29475,5FVW,False
P29475,5FVX,False
P29475,5UO1,False
P29475,5UO2,False
P29475,5UO3,False
P29475,5UO4,False
P29475,5UO5,False
P29475,5UO6,False
P29475,5UO7,False
P29475,5VUV,False
P29475,5VUW,False
P29475,5VUX,False
P29475,5VUY,False
P29475,5VUZ,False
P29475,5VV0,False
P29475,5VV1,False
P29475,5VV2,False
P29475,5VV3,False
P29475,5VV4,False
P29475,5VV5,False
P29475,6AUY,False
P29475,6AUZ,False
P29475,6AV0,False
P29475,6AV1,False
P29475,6AV2,False
P29475,6AV3,False
P29475,6AV4,False
P29475,6AV5,False
P29475,6CIC,False
P29475,6CID,False
P29475,6NG1,False
P29475,6NG2,False
P29475,6NG4,False
P29475,6NG5,False
P29475,6NG6,False
P29475,6NG7,False
P29475,6NG8,False
P29475,6NGA,False
P29475,6NGB,False
P29475,6NGC,False
P29475,6NGD,False
P29475,6NGE,False
P29475,6NGF,False
P29475,6NGH,False
P29475,6NGI,False
P29475,6NHB,False
P29475,6NHC,False
P29475,6PNA,False
P29475,6PNB,False
P29475,6PNC,False
P29475,6PND,False
P29475,6PNE,False
P29475,6PNF,False
P29475,6PNG,False
P29475,6PNH,False
P29475,6PO5,False
P29475,6PO7,False
P29475,6PO8,False
P29475,6PO9,False
P29475,6POA,False
P29475,6POB,False
P29475,6POC,False
P29475,6POT,False
P29475,7TS1,False
P29475,7TS2,False
P29475,7TS3,False
P29475,7TS4,False
P29475,7TS5,False
P29475,7TS6,False
P29475,7TS7,False
P29475,7TS8,False
P29475,7UAM,False
P29475,7US7,False
P29475,7US8,False
P29475,8BI8,False
P29475,8BI9,False
P29475,8FGF,False
P29475,8FGG,False
P29475,8FGH,False
P29475,8FGI,False
P29475,8FGJ,False
P29475,8FGK,False
P29475,8FGL,False
P29475,8FGM,False
P29475,8UFP,False
P29475,8UFQ,False
P29476,1B8Q,False
P29476,1CMI,False
P29476,1F20,False
P29476,1K2R,False
P29476,1K2S,False
P29476,1K2T,False
P29476,1K2U,False
P29476,1LZX,False
P29476,1LZZ,False
P29476,1M00,False
P29476,1MMV,False
P29476,1MMW,False
P29476,1OM4,False
P29476,1OM5,False
P29476,1P6H,False
P29476,1P6I,False
P29476,1P6J,False
P29476,1P6K,False
P29476,1QAU,False
P29476,1QAV,False
P29476,1QW6,False
P29476,1QWC,False
P29476,1RS6,False
P29476,1RS7,False
P29476,1TLL,False
P29476,1VAG,False
P29476,1ZVI,False
P29476,1ZVL,False
P29476,1ZZQ,False
P29476,1ZZR,False
P29476,1ZZU,False
P29476,2G6H,False
P29476,2G6I,False
P29476,2G6J,False
P29476,2G6K,False
P29476,2G6L,False
P29476,2G6M,False
P29476,2G6N,False
P29476,2HX3,False
P29476,2HX4,False
P29476,3B3M,False
P29476,3B3N,False
P29476,3B3O,False
P29476,3B3P,False
P29476,3DQR,False
P29476,3FC5,False
P29476,3HSN,False
P29476,3HSO,False
P29476,3HSP,False
P29476,3JT3,False
P29476,3JT4,False
P29476,3JT5,False
P29476,3JT6,False
P29476,3JT7,False
P29476,3JT8,False
P29476,3JT9,False
P29476,3JTA,False
P29476,3JWS,False
P29476,3JWT,False
P29476,3JWU,False
P29476,3JWV,False
P29476,3JX0,False
P29476,3JX1,False
P29476,3JX2,False
P29476,3JX3,False
P29476,3JX4,False
P29476,3JX5,False
P29476,3JX6,False
P29476,3N2R,False
P29476,3N5V,False
P29476,3N5W,False
P29476,3N5X,False
P29476,3N5Y,False
P29476,3N5Z,False
P29476,3N60,False
P29476,3N61,False
P29476,3N62,False
P29476,3N63,False
P29476,3N64,False
P29476,3N65,False
P29476,3N66,False
P29476,3N67,False
P29476,3N68,False
P29476,3N69,False
P29476,3N6A,False
P29476,3N6B,False
P29476,3N6C,False
P29476,3N6D,False
P29476,3N6E,False
P29476,3N6F,False
P29476,3N6G,False
P29476,3NLJ,False
P29476,3NLK,False
P29476,3NLM,False
P29476,3NLN,False
P29476,3NLO,False
P29476,3NLP,False
P29476,3NLQ,False
P29476,3NLR,False
P29476,3NLV,False
P29476,3NLW,False
P29476,3NLX,False
P29476,3NLY,False
P29476,3NLZ,False
P29476,3NM0,False
P29476,3NNY,False
P29476,3NNZ,False
P29476,3PNE,False
P29476,3PNF,False
P29476,3PNG,False
P29476,3Q99,False
P29476,3Q9A,False
P29476,3RQJ,False
P29476,3RQK,False
P29476,3RQL,False
P29476,3RQM,False
P29476,3RQN,False
P29476,3SVP,False
P29476,3SVQ,False
P29476,3TYL,False
P29476,3TYM,False
P29476,3TYN,False
P29476,3TYO,False
P29476,3UFO,False
P29476,3UFP,False
P29476,3UFQ,False
P29476,3UFR,False
P29476,3UFS,False
P29476,3UFT,False
P29476,3UFU,False
P29476,3UFV,False
P29476,3UFW,False
P29476,4C39,False
P29476,4CAM,False
P29476,4CAN,False
P29476,4CAO,False
P29476,4CAP,False
P29476,4CAQ,False
P29476,4CDT,False
P29476,4CTP,False
P29476,4CTQ,False
P29476,4CTR,False
P29476,4CTT,False
P29476,4CTU,False
P29476,4CTV,False
P29476,4CTW,False
P29476,4CTX,False
P29476,4CX3,False
P29476,4CX4,False
P29476,4CX5,False
P29476,4CX6,False
P29476,4D2Y,False
P29476,4D2Z,False
P29476,4D30,False
P29476,4D31,False
P29476,4D32,False
P29476,4D3B,False
P29476,4D7O,False
P29476,4EUX,False
P29476,4FVW,False
P29476,4FVX,False
P29476,4FVY,False
P29476,4FVZ,False
P29476,4FW0,False
P29476,4GQE,False
P29476,4HOP,False
P29476,4IMS,False
P29476,4IMT,False
P29476,4IMU,False
P29476,4IMW,False
P29476,4JSE,False
P29476,4JSF,False
P29476,4JSG,False
P29476,4JSH,False
P29476,4JSI,False
P29476,4JSJ,False
P29476,4K5D,False
P29476,4K5E,False
P29476,4K5F,False
P29476,4K5G,False
P29476,4KCH,False
P29476,4KCI,False
P29476,4KCJ,False
P29476,4KCK,False
P29476,4KCL,False
P29476,4KCM,False
P29476,4KCN,False
P29476,4KCO,False
P29476,4LUX,False
P29476,4UGZ,False
P29476,4UH0,False
P29476,4UH1,False
P29476,4UH2,False
P29476,4UH3,False
P29476,4UH4,False
P29476,4UPM,False
P29476,4UPN,False
P29476,4UPO,False
P29476,4UPP,False
P29476,4V3V,False
P29476,4V3W,False
P29476,4V3X,False
P29476,4V3Y,False
P29476,4V3Z,False
P29476,5AD4,False
P29476,5AD5,False
P29476,5AD6,False
P29476,5AD7,False
P29476,5AD8,False
P29476,5AD9,False
P29476,5ADA,False
P29476,5ADB,False
P29476,5ADC,False
P29476,5ADD,False
P29476,5ADE,False
P29476,5AGK,False
P29476,5AGL,False
P29476,5AGM,False
P29476,5AGN,False
P29476,5AGO,False
P29476,5AGP,False
P29476,5FVO,False
P29476,5FVP,False
P29476,5FVQ,False
P29476,5FVR,False
P29476,5FVS,False
P29476,5FVT,False
P29476,5FW0,False
P29476,5G0N,False
P29476,5G0O,False
P29476,5G0P,False
P29476,5UNR,False
P29476,5UNS,False
P29476,5UNT,False
P29476,5UNU,False
P29476,5UNV,False
P29476,5UNW,False
P29476,5UNX,False
P29476,5UNY,False
P29476,5UNZ,False
P29476,5UO0,False
P29476,5VUI,False
P29476,5VUJ,False
P29476,5VUK,False
P29476,5VUL,False
P29476,5VUM,False
P29476,5VUN,False
P29476,5VUO,False
P29476,5VUP,False
P29476,5VUQ,False
P29476,5VUR,False
P29476,5VUS,False
P29476,5VUT,False
P29476,5VUU,False
P29476,6AUQ,False
P29476,6AUR,False
P29476,6AUS,False
P29476,6AUT,False
P29476,6AUU,False
P29476,6AUV,False
P29476,6AUW,False
P29476,6AUX,False
P29476,6NGJ,False
P29476,6NGK,False
P29476,6NGL,False
P29476,6NGM,False
P29476,6NGN,False
P29476,6NGP,False
P29476,6NGQ,False
P29476,6NGR,False
P29476,6NGS,False
P29476,6NGT,False
P29476,6NGU,False
P29476,6NGV,False
P29476,6NGW,False
P29476,6NGX,False
P29476,6NGY,False
P29476,6NGZ,False
P29476,6NH0,False
P29476,6NHD,False
P29476,6NHE,False
P29476,6PMV,False
P29476,6PMW,False
P29476,6PMX,False
P29476,6PMY,False
P29476,6PMZ,False
P29476,6PN0,False
P29476,6PN1,False
P29476,6PN2,False
P29476,6PN3,False
P29476,6PN4,False
P29476,6PN5,False
P29476,6PN6,False
P29476,6PN7,False
P29476,6PN8,False
P29476,6PN9,False
P29476,7S3X,False
P29476,7S3Y,False
P29476,7S3Z,False
P29476,7S40,False
P29476,7TS9,False
P29476,7TSA,False
P29476,7TSB,False
P29476,7TSC,False
P29476,7TSD,False
P29476,7TSE,False
P29476,7TSF,False
P29476,7UAN,False
P29476,8FG9,False
P29476,8FGA,False
P29476,8FGB,False
P29476,8FGC,False
P29476,8FGD,False
P29476,8FGE,False
P29476,8FGV,False
P29476,8T1J,False
P29476,8T1K,False
P29477,1DD7,False
P29477,1DF1,False
P29477,1DWV,False
P29477,1DWW,False
P29477,1DWX,False
P29477,1JWJ,False
P29477,1JWK,False
P29477,1M8D,False
P29477,1M8E,False
P29477,1M8H,False
P29477,1M8I,False
P29477,1M9T,False
P29477,1N2N,False
P29477,1NOC,False
P29477,1NOD,False
P29477,1NOS,False
P29477,1QOM,False
P29477,1QW4,False
P29477,1QW5,False
P29477,1R35,False
P29477,1VAF,False
P29477,2BHJ,False
P29477,2NOD,False
P29477,2NOS,False
P29477,2ORO,False
P29477,2ORP,False
P29477,2ORQ,False
P29477,2ORR,False
P29477,2ORS,False
P29477,2ORT,False
P29477,2Y37,False
P29477,3DWJ,False
P29477,3E65,False
P29477,3E67,False
P29477,3E68,False
P29477,3E6L,False
P29477,3E6N,False
P29477,3E6O,False
P29477,3E6T,False
P29477,3E7I,False
P29477,3E7M,False
P29477,3E7T,False
P29477,3EAI,False
P29477,3EBD,False
P29477,3EBF,False
P29477,3GOF,False
P29477,3NOD,False
P29477,3NQS,False
P29477,3NW2,False
P29477,4JS9,False
P29477,4UX6,False
P29509,3D8X,False
P29509,3ITJ,False
P30197,1G5Q,False
P30197,1G63,False
P30663,2GJ3,False
P30986,3D2D,False
P30986,3D2H,False
P30986,3D2J,False
P30986,3FW7,False
P30986,3FW8,False
P30986,3FW9,False
P30986,3FWA,False
P30986,3GSY,False
P30986,4EC3,False
P30986,4PZF,False
P31023,1DXL,False
P31040,6VAX,False
P31040,8DYD,False
P31040,8DYE,False
P31040,8GS8,False
P31973,2B5O,False
P31979,7AWT,False
P31979,7NYR,False
P31979,7NYU,False
P31979,7NYV,False
P31979,7NZ1,False
P31979,7P61,False
P31979,7P62,False
P31979,7P63,False
P31979,7P64,False
P31979,7P69,False
P31979,7P7C,False
P31979,7P7E,False
P31979,7P7J,False
P31979,7P7K,False
P31979,7P7L,False
P31979,7P7M,False
P31979,7Z7R,False
P31979,7Z7S,False
P31979,7Z7T,False
P31979,7Z7V,False
P31979,7Z80,False
P31979,7Z83,False
P31979,7Z84,False
P31979,7ZC5,False
P31979,7ZCI,False
P32340,4G6G,False
P32340,4G6H,False
P32340,4G73,False
P32340,4G74,False
P32340,4G9K,False
P32340,4GAP,False
P32340,4GAV,False
P32340,5YJW,False
P32340,5YJX,False
P32397,3I6D,False
P33224,3DJL,False
P33224,3U33,False
P33371,3W9Z,False
P33371,4BF9,False
P33371,4BFA,False
P33371,4YCO,False
P33371,4YCP,False
P34942,5LC5,False
P34942,5LDW,False
P34942,5LDX,False
P34942,5O31,False
P34942,7DGQ,False
P34942,7DGR,False
P34942,7DGS,False
P34942,7DGZ,False
P34942,7DH0,False
P34942,7DKF,False
P34942,7QSD,False
P34942,7QSK,False
P34942,7QSL,False
P34942,7QSM,False
P34942,7QSN,False
P34942,7QSO,False
P34942,7R41,False
P34942,7R42,False
P34942,7R43,False
P34942,7R44,False
P34942,7R45,False
P34942,7R46,False
P34942,7R47,False
P34942,7R48,False
P34942,7R4C,False
P34942,7R4D,False
P34942,7R4F,False
P34942,7R4G,False
P34942,8Q0A,False
P34942,8Q0F,False
P34942,8Q0J,False
P34942,8Q0M,False
P34942,8Q0O,False
P34942,8Q0Q,False
P34942,8Q1P,False
P34942,8Q1U,False
P34942,8Q1Y,False
P34942,8Q25,False
P34942,8Q45,False
P34942,8Q46,False
P34942,8Q47,False
P34942,8Q48,False
P34942,8Q49,False
P34942,8Q4A,False
P34943,7DGQ,False
P34943,7DGR,False
P34943,7DGS,False
P34943,7DGZ,False
P34943,7DH0,False
P34943,7DKF,False
P34943,7QSD,False
P34943,7QSK,False
P34943,7QSL,False
P34943,7QSM,False
P34943,7QSN,False
P34943,7QSO,False
P34943,7R41,False
P34943,7R42,False
P34943,7R43,False
P34943,7R44,False
P34943,7R45,False
P34943,7R46,False
P34943,7R47,False
P34943,7R48,False
P34943,7R4C,False
P34943,7R4D,False
P34943,7R4F,False
P34943,7R4G,False
P34943,8Q0A,False
P34943,8Q0F,False
P34943,8Q0J,False
P34943,8Q0M,False
P34943,8Q0O,False
P34943,8Q0Q,False
P34943,8Q1P,False
P34943,8Q1U,False
P34943,8Q1Y,False
P34943,8Q25,False
P34943,8Q45,False
P34943,8Q46,False
P34943,8Q47,False
P34943,8Q48,False
P34943,8Q49,False
P34943,8Q4A,False
P35228,1NSI,False
P35228,2LL6,False
P35228,2NSI,False
P35228,3E7G,False
P35228,3EJ8,False
P35228,3HR4,False
P35228,4CX7,False
P35228,4NOS,False
P35228,5TP6,False
P35228,5XN3,False
P35228,6JWM,False
P35228,6JWN,False
P35228,6KEY,False
P35340,1FL2,False
P35340,4O5Q,False
P35340,4O5U,False
P35340,4XVG,False
P35340,4YKF,False
P35340,4YKG,False
P37062,1JOA,False
P37062,1NHS,False
P37062,2NPX,False
P37063,1POX,False
P37063,1Y9D,False
P37063,2EZ4,False
P37063,2EZ8,False
P37063,2EZ9,False
P37063,2EZT,False
P37063,2EZU,False
P37063,6HAF,False
P37747,1I8T,False
P38038,1DDG,False
P38038,1DDI,False
P38038,1YKG,False
P38075,1CI0,False
P38169,4J2W,False
P38169,4J31,False
P38169,4J33,False
P38169,4J34,False
P38169,4J36,False
P38169,5X6R,False
P38489,1DS7,False
P38489,1ICR,False
P38489,1ICU,False
P38489,1ICV,False
P38489,1IDT,False
P38489,1OO5,False
P38489,1OO6,False
P38489,1OON,False
P38489,1OOQ,False
P38489,1YKI,False
P38489,1YLR,False
P38489,1YLU,False
P38489,3X21,False
P38489,3X22,False
P38489,7X32,False
P38489,7XWW,False
P38489,8C5E,False
P38489,8C5F,False
P38489,8C5P,False
P38489,8CCV,False
P38489,8CJ0,False
P38489,8OG3,False
P38489,8QES,False
P38489,8QPO,False
P38489,8V5B,False
P38501,1AQ8,False
P38501,1AS6,False
P38501,1AS7,False
P38501,1AS8,False
P38501,1ET5,False
P38501,1ET7,False
P38501,1ET8,False
P38501,1J9Q,False
P38501,1J9R,False
P38501,1J9S,False
P38501,1J9T,False
P38501,1L9O,False
P38501,1L9P,False
P38501,1L9Q,False
P38501,1L9R,False
P38501,1L9S,False
P38501,1L9T,False
P38501,1NPJ,False
P38501,1NPN,False
P38501,1NTD,False
P38501,1SJM,False
P38501,1SNR,False
P38501,1ZDQ,False
P38501,1ZDS,False
P38501,2AFN,False
P38501,2B08,False
P38501,2E86,False
P38501,2FJS,False
P38501,2P80,False
P38501,2PP7,False
P38501,2PP8,False
P38501,2PP9,False
P38501,2PPA,False
P38501,2PPC,False
P38501,2PPD,False
P38501,2PPE,False
P38501,2PPF,False
P38501,3H4F,False
P38501,3H4H,False
P38501,3H56,False
P38501,4YSC,False
P38501,4YSE,False
P38501,5D4H,False
P38501,5D4I,False
P38501,5D4J,False
P38501,5F7A,False
P38501,5F7B,False
P38626,7ROM,False
P38913,2WSI,False
P38974,1EFP,False
P38975,1EFP,False
P39040,1FEA,False
P39040,1FEB,False
P39040,1FEC,False
P39040,1TYP,False
P39040,1TYT,False
P39040,2TPR,False
P39051,2WBA,False
P39605,3N2S,False
P39662,1CQX,False
P39662,3OZU,False
P39662,3OZV,False
P39662,3OZW,False
P39812,7MFT,False
P40111,3FNN,False
P40111,3GE9,False
P40859,1EL5,False
P40859,1EL7,False
P40859,1EL8,False
P40859,1EL9,False
P40859,1ELI,False
P40859,1L9C,False
P40859,1L9D,False
P40859,1L9E,False
P40859,2A89,False
P40859,2GB0,False
P40859,2GF3,False
P40859,3BHF,False
P40859,3BHK,False
P40859,3M0O,False
P40859,3M12,False
P40859,3M13,False
P40859,3QSE,False
P40859,3QSM,False
P40859,3QSS,False
P40874,2UZZ,False
P41367,1UDY,False
P41367,3MDD,False
P41367,3MDE,False
P41407,1TIK,False
P41407,1V4B,False
P41407,2D5I,False
P41407,2Z98,False
P41407,2Z9B,False
P41407,2Z9C,False
P41407,2Z9D,False
P41407,7N2X,False
P41780,3PND,False
P41816,5V4P,False
P41816,5V4V,False
P41921,2HQM,False
P42593,1PS9,False
P42898,6FCX,False
P42898,8QA4,False
P42898,8QA5,False
P42898,8QA6,False
P43788,5U63,False
P44941,2GQF,False
P45208,5UME,False
P45857,5LNX,False
P45954,2JIF,False
P46072,1V5Y,False
P46072,1V5Z,False
P46072,1VFR,False
P46151,6FNU,False
P46882,2VVL,False
P46882,2VVM,False
P46882,3ZDN,False
P47989,2CKJ,False
P47989,2E1Q,False
P49050,2BIH,False
P49050,2BII,False
P49748,2UXW,False
P49748,3B96,False
P49748,7S7G,False
P49821,5XTB,False
P49821,5XTD,False
P49821,5XTH,False
P49821,5XTI,False
P50264,1RSG,False
P50264,1XPQ,False
P50264,1YY5,False
P50264,1Z6L,False
P50264,3BI2,False
P50264,3BI4,False
P50264,3BI5,False
P50264,3BNM,False
P50264,3BNU,False
P50264,3CN8,False
P50264,3CND,False
P50264,3CNP,False
P50264,3CNS,False
P50264,3CNT,False
P50264,4ECH,False
P50264,4GDP,False
P50336,3NKS,False
P50336,4IVM,False
P50336,4IVO,False
P50466,8DIK,False
P50544,8CA1,False
P50740,1P0K,False
P50740,1P0N,False
P52967,2WC1,False
P53571,1O94,False
P53571,1O95,False
P53571,1O96,False
P53571,3CLU,False
P54322,1EP1,False
P54322,1EP2,False
P54322,1EP3,False
P54550,1Z41,False
P54550,1Z42,False
P54550,1Z44,False
P54550,1Z48,False
P55038,1LLW,False
P55038,1LLZ,False
P55038,1LM1,False
P55038,1OFD,False
P55038,1OFE,False
P55789,3MBG,False
P55789,3O55,False
P55789,3TK0,False
P55789,3U2L,False
P55789,3U2M,False
P55789,3U5S,False
P55789,4LDK,False
P55792,1U8V,False
P55931,2GMH,False
P56122,1UM0,False
P56122,1UMF,False
P56216,1AHU,False
P56216,1AHV,False
P56216,1AHZ,False
P56216,1DZN,False
P56216,1E8F,False
P56216,1E8G,False
P56216,1E8H,False
P56216,1W1J,False
P56216,1W1K,False
P56216,1W1L,False
P56216,1W1M,False
P56216,2VAO,False
P56216,5MXJ,False
P56216,5MXU,False
P56431,2Q0K,False
P56431,2Q0L,False
P56431,3ISH,False
P56601,2IVD,False
P56601,2IVE,False
P56968,1EP1,False
P56968,1EP2,False
P56968,1EP3,False
P61076,4B1B,False
P61076,4J56,False
P61076,4J57,False
P61431,1HSK,False
P61497,1IQR,False
P61497,1IQU,False
P61497,2J07,False
P61497,2J08,False
P61497,2J09,False
P61615,2ZRU,False
P61615,2ZRV,False
P61615,2ZRW,False
P61615,2ZRX,False
P61615,2ZRY,False
P61615,2ZRZ,False
P61615,3B03,False
P61615,3B04,False
P61615,3B05,False
P61615,3B06,False
P61615,3VKJ,False
P61949,1AG9,False
P61949,2MOK,False
P63462,1T5B,False
P65367,2M6R,False
P65367,2M6S,False
P66011,4GCM,False
P69772,1SBZ,False
P75063,4X9M,False
P75063,4X9N,False
P75898,5WAN,False
P75898,6SGG,False
P75898,6SGL,False
P75898,6SGM,False
P75898,6SGN,False
P75898,6TEE,False
P75898,6TEF,False
P75898,6TEG,False
P77182,3AWI,False
P77212,6KGY,False
P77212,6KOD,False
P77212,6KYY,False
P77258,8BPP,False
P77258,8BPQ,False
P77324,5G5G,False
P77324,5G5H,False
P77967,1NP7,False
P80312,3KAP,False
P80324,1C0I,False
P80324,1C0K,False
P80324,1C0P,False
P80457,1FIQ,False
P80457,1FO4,False
P80457,1N5X,False
P80457,1V97,False
P80457,1VDV,False
P80457,3AM9,False
P80457,3AMZ,False
P80457,3AX7,False
P80457,3AX9,False
P80457,3B9J,False
P80457,3BDJ,False
P80457,3ETR,False
P80457,3EUB,False
P80457,3NRZ,False
P80457,3NS1,False
P80457,3NVV,False
P80457,3NVW,False
P80457,3NVY,False
P80457,3NVZ,False
P80457,3SR6,False
P80457,3UNA,False
P80457,3UNC,False
P80457,3UNI,False
P80457,8J79,False
P80644,4PTY,False
P80644,4PTZ,False
P80644,4PU0,False
P80644,6DQI,False
P80644,6DQO,False
P80644,6DQP,False
P80645,1M41,False
P80645,1NQK,False
P81156,1GPE,False
P81382,1F8R,False
P81382,1F8S,False
P81382,2IID,False
P81445,1NDR,False
P81445,1NDS,False
P83223,1D4C,False
P83223,1D4D,False
P83223,1D4E,False
P83686,3W2E,False
P83686,3W2F,False
P83686,3W2H,False
P83686,5GV7,False
P83686,5GV8,False
P90597,2QAE,False
P91929,8B9Z,False
P91929,8BA0,False
P91929,8ESW,False
P91929,8ESZ,False
P91938,2NVK,False
P91938,3DGH,False
P91938,3DH9,False
P93025,2Z6D,False
P93025,4EEP,False
P93025,4EER,False
P93025,4EES,False
P93025,4EET,False
P93025,4EEU,False
P93025,4NXB,False
P93025,4NXE,False
P93025,4NXF,False
P93025,4NXG,False
P93025,6GPU,False
P93025,6GPV,False
P93025,6QQH,False
P93025,6QQI,False
P93025,6QQJ,False
P93025,6QQK,False
P93025,6QSA,False
P93025,6S45,False
P93025,6S46,False
P93025,7ABY,False
P93025,8A2V,False
P93025,8A2W,False
P93025,8A4E,False
P94424,1ZCH,False
P95160,9MQY,False
P95160,9MQZ,False
P95480,2APG,False
P95480,2AQJ,False
P95480,2AR8,False
P95480,2ARD,False
P95480,2JKC,False
P95480,4Z43,False
P95480,4Z44,False
P96692,3BEM,False
P96726,1RLI,False
P97275,4BBY,False
P97275,4BC7,False
P97275,4BC9,False
P97275,4BCA,False
P97275,5ADZ,False
P97275,5AE1,False
P97275,5AE2,False
P97275,5AE3,False
P97275,6GOU,False
P97784,4CT0,False
P97784,4K0R,False
P97784,5T5X,False
P97784,6KX4,False
P97784,6KX5,False
P97784,6KX6,False
P97784,6KX7,False
P97784,6LUE,False
P97784,6OF7,False
P97784,7D0M,False
P97784,7D19,False
P97784,7D1C,False
P97784,7DLI,False
P97784,7WVA,False
P9WG57,2AF6,False
P9WG57,2GQ2,False
P9WG57,3GWC,False
P9WG57,3HZG,False
P9WHH1,2A87,False
P9WHH7,1XDI,False
P9WHH9,2A8X,False
P9WHH9,3II4,False
P9WHH9,4M52,False
P9WHH9,7KMY,False
P9WHH9,8CT4,False
P9WHH9,8U0Q,False
P9WHL1,4XQ6,False
P9WHL1,8OFW,False
P9WIJ1,2A2J,False
P9WIQ1,1V0J,False
P9WIQ1,4RPG,False
P9WIQ1,4RPH,False
P9WIQ1,4RPJ,False
P9WIQ1,4RPK,False
P9WIQ1,4RPL,False
P9WIQ3,1LQT,False
P9WIQ3,1LQU,False
P9WIQ3,2C7G,False
P9WJA1,3AFE,False
P9WJA1,3AFF,False
P9WJF1,4FDN,False
P9WJF1,4FDO,False
P9WJF1,4FDP,False
P9WJF1,4FEH,False
P9WJF1,4FF6,False
P9WJF1,4KW5,False
P9WJF1,4NCR,False
P9WJF1,4P8C,False
P9WJF1,4P8H,False
P9WJF1,4P8K,False
P9WJF1,4P8L,False
P9WJF1,4P8M,False
P9WJF1,4P8N,False
P9WJF1,4P8P,False
P9WJF1,4P8T,False
P9WJF1,4P8Y,False
P9WJF1,4PFA,False
P9WJF1,4PFD,False
P9WJF1,5OEL,False
P9WJF1,5OEP,False
P9WJF1,5OEQ,False
P9WJF1,6G83,False
P9WJF1,6HEZ,False
P9WJF1,6HF0,False
P9WJF1,6HF3,False
P9WJF1,6HFV,False
P9WJF1,6HFW,False
P9WJL9,5JZX,False
P9WPY1,1ZTB,False
P9WPY1,2G85,False
P9WPY1,2O11,False
P9WPY1,2O12,False
P9WPY1,2QHF,False
P9WPY1,4BAI,False
P9WPY1,4BAJ,False
P9WQF9,4XVX,False
P9WQJ9,7WIU,False
P9WQJ9,7WIV,False
P9WQJ9,7WIW,False
P9WQJ9,7WIX,False
Q01095,4HEQ,False
Q01234,1KQB,False
Q01234,1KQC,False
Q01234,1KQD,False
Q01234,1NEC,False
Q01234,5J8D,False
Q01234,5J8G,False
Q01738,1D7B,False
Q01738,1D7C,False
Q01738,1D7D,False
Q01738,1KDG,False
Q01738,1NAA,False
Q01738,1PL3,False
Q02127,1D3G,False
Q02127,1D3H,False
Q02127,2B0M,False
Q02127,2BXV,False
Q02127,2FPT,False
Q02127,2FPV,False
Q02127,2FPY,False
Q02127,2FQI,False
Q02127,2PRH,False
Q02127,2PRL,False
Q02127,2PRM,False
Q02127,2WV8,False
Q02127,3F1Q,False
Q02127,3FJ6,False
Q02127,3FJL,False
Q02127,3G0U,False
Q02127,3G0X,False
Q02127,3KVJ,False
Q02127,3KVK,False
Q02127,3KVL,False
Q02127,3KVM,False
Q02127,3U2O,False
Q02127,3W7R,False
Q02127,3ZWS,False
Q02127,3ZWT,False
Q02127,4IGH,False
Q02127,4JGD,False
Q02127,4JS3,False
Q02127,4JTS,False
Q02127,4JTT,False
Q02127,4JTU,False
Q02127,4LS0,False
Q02127,4LS1,False
Q02127,4LS2,False
Q02127,4OQV,False
Q02127,4RK8,False
Q02127,4RKA,False
Q02127,4RLI,False
Q02127,4RR4,False
Q02127,4YLW,False
Q02127,4ZL1,False
Q02127,4ZMG,False
Q02127,5H2Z,False
Q02127,5H73,False
Q02127,5HIN,False
Q02127,5HQE,False
Q02127,5K9C,False
Q02127,5K9D,False
Q02127,5MUT,False
Q02127,5MVC,False
Q02127,5MVD,False
Q02127,5TCE,False
Q02127,5ZF4,False
Q02127,5ZF7,False
Q02127,5ZF8,False
Q02127,5ZF9,False
Q02127,5ZFA,False
Q02127,5ZFB,False
Q02127,6CJF,False
Q02127,6CJG,False
Q02127,6ET4,False
Q02127,6FMD,False
Q02127,6GK0,False
Q02127,6IDJ,False
Q02127,6J3B,False
Q02127,6J3C,False
Q02127,6JMD,False
Q02127,6JME,False
Q02127,6LP6,False
Q02127,6LP7,False
Q02127,6LP8,False
Q02127,6LZL,False
Q02127,6M2B,False
Q02127,6OC0,False
Q02127,6OC1,False
Q02127,6QU7,False
Q02127,6SYP,False
Q02127,6VND,False
Q02127,7K2U,False
Q02127,7Z6C,False
Q02127,8DHF,False
Q02127,8DHG,False
Q02127,8DHH,False
Q02127,8K4F,False
Q02127,8RAK,False
Q02127,8VHL,False
Q02127,8VHM,False
Q02127,8YHR,False
Q02127,9BKM,False
Q02127,9BKN,False
Q02127,9BKO,False
Q02127,9DHG,False
Q02127,9DHH,False
Q02127,9DHI,False
Q02127,9DHJ,False
Q02127,9I2Y,False
Q02899,1BWK,False
Q02899,1BWL,False
Q02899,1K02,False
Q02899,1K03,False
Q02899,1OYA,False
Q02899,1OYB,False
Q02899,1OYC,False
Q02899,3RND,False
Q02899,3TX9,False
Q02899,3TXZ,False
Q02899,4GBU,False
Q02899,4GE8,False
Q02899,4GWE,False
Q02899,4GXM,False
Q02899,4H4I,False
Q02899,4H6K,False
Q02899,4K7V,False
Q02899,4K7Y,False
Q02899,4K8E,False
Q02899,4K8H,False
Q02899,4RNU,False
Q02899,4RNV,False
Q02899,4RNW,False
Q02899,4RNX,False
Q02899,4YIL,False
Q02899,4YNC,False
Q02PF8,7QU3,False
Q02PF8,7QU5,False
Q03034,4S13,False
Q03034,4ZAC,False
Q03034,6EVE,False
Q03034,6EVF,False
Q03034,8Y64,False
Q03103,1RP4,False
Q03103,1RQ1,False
Q03103,3M31,False
Q03103,3NVJ,False
Q03304,4WQM,False
Q03558,7BN7,False
Q03558,9FH7,False
Q05755,1EA0,False
Q05755,2VDC,False
Q05755,6S6S,False
Q05755,6S6T,False
Q05755,6S6U,False
Q05755,6S6X,False
Q06278,4UHW,False
Q06278,4UHX,False
Q06278,5EPG,False
Q06278,6Q6Q,False
Q06278,7OPN,False
Q06278,7ORC,False
Q06278,8EMT,False
Q06530,1FCD,False
Q07523,1TB3,False
Q07523,3SGZ,False
Q07923,1T0I,False
Q080S8,6GEH,False
Q08210,1TV5,False
Q08210,3I65,False
Q08210,3I68,False
Q08210,3I6R,False
Q08210,3O8A,False
Q08210,3SFK,False
Q08210,4CQ8,False
Q08210,4CQ9,False
Q08210,4CQA,False
Q08210,4ORM,False
Q08210,4RX0,False
Q08210,5BOO,False
Q08210,5DEL,False
Q08210,5FI8,False
Q08210,5TBO,False
Q08210,6E0B,False
Q08210,6GJG,False
Q08210,6I4B,False
Q08210,6VTN,False
Q08210,6VTY,False
Q08210,7KYK,False
Q08210,7KYV,False
Q08210,7KYY,False
Q08210,7KZ4,False
Q08210,7KZY,False
Q08210,7L01,False
Q08210,7L0K,False
Q08210,7S87,False
Q08210,7WYF,False
Q08210,9DI6,False
Q08210,9DIK,False
Q08210,9DIZ,False
Q08210,9DKO,False
Q08210,9DKQ,False
Q08210,9DKY,False
Q08210,9DLK,False
Q08210,9DLY,False
Q0PCD7,2IPI,False
Q0QF01,1ZOY,False
Q0QF01,1ZP0,False
Q0QF01,3ABV,False
Q0QF01,3AE1,False
Q0QF01,3AE2,False
Q0QF01,3AE3,False
Q0QF01,3AE4,False
Q0QF01,3AE5,False
Q0QF01,3AE6,False
Q0QF01,3AE7,False
Q0QF01,3AE8,False
Q0QF01,3AE9,False
Q0QF01,3AEA,False
Q0QF01,3AEB,False
Q0QF01,3AEC,False
Q0QF01,3AED,False
Q0QF01,3AEE,False
Q0QF01,3AEF,False
Q0QF01,3AEG,False
Q0QF01,3SFD,False
Q0QF01,3SFE,False
Q0QF01,4YTP,False
Q0QF01,4YXD,False
Q0QLF4,3HRD,False
Q0S811,2RFQ,False
Q0ZIH5,4JEK,False
Q0ZIH5,4NXL,False
Q12284,1JRA,False
Q12723,6BKA,False
Q14534,6C6N,False
Q14534,6C6P,False
Q14534,6C6R,False
Q16795,5XTB,False
Q16795,5XTD,False
Q16795,5XTH,False
Q16795,5XTI,False
Q16881,2CFY,False
Q16881,2J3N,False
Q16881,2ZZ0,False
Q16881,2ZZB,False
Q16881,2ZZC,False
Q16881,3QFA,False
Q16881,3QFB,False
Q16881,7X1R,False
Q28943,1GT8,False
Q28943,1GTE,False
Q28943,1GTH,False
Q28943,1H7W,False
Q28943,1H7X,False
Q28943,7LJS,False
Q28943,7LJT,False
Q28943,7LJU,False
Q28943,7M31,False
Q28943,7M32,False
Q28943,8F5W,False
Q28943,8F61,False
Q28943,8F6N,False
Q2FEC4,5TWB,False
Q2FEC4,5TWC,False
Q2FIA5,4EM3,False
Q2FIA5,4EM4,False
Q2FIA5,4EMW,False
Q2FIA5,4EQR,False
Q2FIA5,4EQS,False
Q2FIA5,4EQW,False
Q2FIA5,4EQX,False
Q2FVA4,7JH4,False
Q2FVP8,6A4J,False
Q2FZV7,5NA1,False
Q2FZV7,5NA4,False
Q2NB77,4R38,False
Q2NB77,4R39,False
Q2NB77,4R3A,False
Q2NB98,3P7N,False
Q2NB98,8A5R,False
Q2NB98,8A5S,False
Q2YKK7,5EPV,False
Q2YKK7,6PPS,False
Q2YQ23,5F4B,False
Q2YQ23,5F51,False
Q33862,3VR8,False
Q33862,3VR9,False
Q33862,3VRA,False
Q33862,3VRB,False
Q33862,4YSX,False
Q33862,4YSY,False
Q33862,4YSZ,False
Q33862,4YT0,False
Q33862,4YTM,False
Q33862,4YTN,False
Q33862,5C2T,False
Q33862,5C3J,False
Q39243,1VDC,False
Q396C5,4HMW,False
Q396C5,4HMX,False
Q39QF5,7P98,False
Q39QF5,7P9A,False
Q39QF5,7P9X,False
Q3KC85,8T0U,False
Q3KC85,8T0W,False
Q3L245,4H7U,False
Q3L887,6KPT,False
Q3L887,6KRI,False
Q3L887,6KS9,False
Q3L887,6KSA,False
Q3L887,6KSB,False
Q3L887,6LPY,False
Q3L887,6LQ0,False
Q3L887,6LQ1,False
Q3L887,6LQ2,False
Q3L887,6LQ3,False
Q3L887,6LQ4,False
Q3L887,6LQ5,False
Q3L887,6LQ6,False
Q3L887,6LQ7,False
Q3L887,6LQ8,False
Q43125,1U3C,False
Q43125,1U3D,False
Q43125,6QTW,False
Q44467,2DU2,False
Q44467,2E77,False
Q44467,2NLI,False
Q44467,2ZFA,False
Q44467,4RJE,False
Q44467,4YL2,False
Q44467,5EBU,False
Q44467,7F1Y,False
Q44467,7F20,False
Q44467,7F21,False
Q44467,7F22,False
Q44467,8UFY,False
Q44532,1A8P,False
Q46509,1SIJ,False
Q46509,1VLB,False
Q46509,3FAH,False
Q46509,3FC4,False
Q46509,3L4P,False
Q46509,4C7Y,False
Q46509,4C7Z,False
Q46509,4C80,False
Q46509,4US8,False
Q46509,4US9,False
Q46509,4USA,False
Q46604,1AXJ,False
Q46604,1FLM,False
Q46604,1WLI,False
Q46604,1WLK,False
Q46604,2E83,False
Q46604,3A20,False
Q46604,3A6Q,False
Q46604,3A6R,False
Q46604,3AMF,False
Q46604,3AWH,False
Q46604,3VY2,False
Q46604,3VY5,False
Q46604,3VYA,False
Q46877,2MS3,False
Q46877,4D02,False
Q46877,5LLD,False
Q46877,5LMC,False
Q46877,6ETB,False
Q46877,7R0F,False
Q46877,7R1H,False
Q46877,7R1J,False
Q46877,7R2O,False
Q46877,7R2P,False
Q46877,7R2R,False
Q46877,7R2S,False
Q471I2,4G5E,False
Q47PU3,1W4X,False
Q47PU3,2YLR,False
Q47PU3,2YLS,False
Q47PU3,2YLT,False
Q47PU3,2YLW,False
Q47PU3,2YLX,False
Q47PU3,2YLZ,False
Q47PU3,2YM1,False
Q47PU3,2YM2,False
Q47PU3,4C74,False
Q47PU3,4C77,False
Q47PU3,4D03,False
Q47PU3,4D04,False
Q47PU3,4OVI,False
Q47PU3,8XG7,False
Q47PU3,8XG8,False
Q47PU3,8XG9,False
Q48485,1WAM,False
Q48485,2BI7,False
Q48485,2BI8,False
Q48485,3GF4,False
Q48485,3INR,False
Q48485,3INT,False
Q48485,3KYB,False
Q48MT7,4ZCC,False
Q48MT7,4ZCD,False
Q48MT7,5KRQ,False
Q4D3W2,2DJL,False
Q4D3W2,2DJX,False
Q4D3W2,2E68,False
Q4D3W2,2E6A,False
Q4D3W2,2E6D,False
Q4D3W2,2E6F,False
Q4D3W2,3C3N,False
Q4D3W2,3W1A,False
Q4D3W2,3W1L,False
Q4D3W2,3W1M,False
Q4D3W2,3W1N,False
Q4D3W2,3W1P,False
Q4D3W2,3W1Q,False
Q4D3W2,3W1R,False
Q4D3W2,3W1T,False
Q4D3W2,3W1U,False
Q4D3W2,3W1X,False
Q4D3W2,3W22,False
Q4D3W2,3W23,False
Q4D3W2,3W2J,False
Q4D3W2,3W2K,False
Q4D3W2,3W2L,False
Q4D3W2,3W2M,False
Q4D3W2,3W2N,False
Q4D3W2,3W2U,False
Q4D3W2,3W3O,False
Q4D3W2,3W6Y,False
Q4D3W2,3W70,False
Q4D3W2,3W71,False
Q4D3W2,3W72,False
Q4D3W2,3W73,False
Q4D3W2,3W74,False
Q4D3W2,3W75,False
Q4D3W2,3W76,False
Q4D3W2,3W7C,False
Q4D3W2,3W7D,False
Q4D3W2,3W7E,False
Q4D3W2,3W7G,False
Q4D3W2,3W7H,False
Q4D3W2,3W7I,False
Q4D3W2,3W7J,False
Q4D3W2,3W7K,False
Q4D3W2,3W7L,False
Q4D3W2,3W7M,False
Q4D3W2,3W7N,False
Q4D3W2,3W7O,False
Q4D3W2,3W7P,False
Q4D3W2,3W7Q,False
Q4D3W2,3W83,False
Q4D3W2,3W84,False
Q4D3W2,3W85,False
Q4D3W2,3W86,False
Q4D3W2,3W87,False
Q4D3W2,3W88,False
Q4D3W2,4JD4,False
Q4D3W2,4JDB,False
Q4D3W2,5E93,False
Q4D3W2,5EA9,False
Q4JA33,3ATQ,False
Q4JA33,3ATR,False
Q4JA33,4OPC,False
Q4JA33,4OPD,False
Q4JA33,4OPG,False
Q4JA33,4OPI,False
Q4JA33,4OPL,False
Q4JA33,4OPT,False
Q4JA33,4OPU,False
Q4KCZ0,5DBJ,False
Q4V8K1,2YJZ,False
Q4W1X2,3UKA,False
Q4W1X2,3UKF,False
Q4W1X2,3UKH,False
Q4W1X2,3UKK,False
Q4W1X2,3UKL,False
Q4W1X2,3UKP,False
Q4W1X2,3UKQ,False
Q4W1X2,3UTE,False
Q4W1X2,3UTF,False
Q4W1X2,3UTG,False
Q4W1X2,3UTH,False
Q4W1X2,4GDE,False
Q4W1X2,4U8I,False
Q4W1X2,4U8J,False
Q4W1X2,4U8K,False
Q4W1X2,4U8L,False
Q4W1X2,4U8M,False
Q4W1X2,4U8N,False
Q4W1X2,4U8O,False
Q4W1X2,4U8P,False
Q4W1X2,4WX1,False
Q4W1X2,5HHF,False
Q4W1X2,5VWT,False
Q4W1X2,5VWU,False
Q4WAZ0,6KJG,False
Q4WAZ0,6KJI,False
Q4WD43,6GG2,False
Q4WZ70,4QNW,False
Q50497,2OHH,False
Q50LF2,1VRQ,False
Q50LF2,1X31,False
Q50LF2,3AD7,False
Q50LF2,3AD8,False
Q50LF2,3AD9,False
Q50LF2,3ADA,False
Q51548,3S5W,False
Q51548,3S61,False
Q51793,1TY9,False
Q51793,4HMS,False
Q51793,4HMT,False
Q51793,4HMU,False
Q51793,4HMV,False
Q53239,1MZY,False
Q53239,1MZZ,False
Q53239,1N70,False
Q53239,1ZV2,False
Q53239,2A3T,False
Q53239,2DWS,False
Q53239,2DWT,False
Q53239,2DY2,False
Q54530,3IHG,False
Q55318,8HFQ,False
Q56222,2FUG,False
Q56222,2YBB,False
Q56222,3I9V,False
Q56222,3IAM,False
Q56222,3IAS,False
Q56222,3M9S,False
Q56222,4HEA,False
Q56222,6I0D,False
Q56222,6I1P,False
Q56222,6Q8O,False
Q56222,6Q8W,False
Q56222,6Q8X,False
Q56222,6Y11,False
Q56222,6ZIY,False
Q56222,6ZJL,False
Q56222,6ZJN,False
Q56222,6ZJY,False
Q56691,1BKJ,False
Q56691,2BKJ,False
Q56839,1MO9,False
Q56839,1MOK,False
Q56839,2C3C,False
Q56839,2C3D,False
Q56839,3Q6J,False
Q56839,7MGN,False
Q56839,7MGO,False
Q57160,6QYH,False
Q57160,6QYI,False
Q57431,7S1A,False
Q57431,7T2Z,False
Q57431,7T33,False
Q57566,6M8V,False
Q57U83,2B4G,False
Q57U83,5XFV,False
Q57U83,5XFW,False
Q59263,2X0K,False
Q59263,3ZUG,False
Q59263,4UZE,False
Q59263,4UZF,False
Q59263,5A88,False
Q59263,5A89,False
Q59263,5A8A,False
Q59263,5FNZ,False
Q59263,5FO0,False
Q59263,5FO1,False
Q5BEJ7,7LO1,False
Q5KXG9,3GR7,False
Q5KXG9,3GR8,False
Q5KXG9,8X0J,False
Q5L2C2,4YSH,False
Q5QJ60,4DNS,False
Q5SID2,3G5Q,False
Q5SID2,3G5R,False
Q5SID2,3G5S,False
Q5SIE3,2CZ8,False
Q5SIE3,2DEG,False
Q5SIE3,2UX9,False
Q5SIE3,2V18,False
Q5SIE3,2V19,False
Q5SIE3,2V21,False
Q5SIE3,2VYX,False
Q5SJB8,6J61,False
Q5SJC8,2GQT,False
Q5SJC8,2GQU,False
Q5SJP7,2ECR,False
Q5SJP7,2ECU,False
Q5SJP7,2ED4,False
Q5SJP8,2YYG,False
Q5SJP8,2YYI,False
Q5SJP8,2YYJ,False
Q5SJP8,2YYK,False
Q5SJP8,2YYL,False
Q5SJP8,2YYM,False
Q5SL28,2ZBW,False
Q5SMC7,3B0P,False
Q5SMC7,3B0U,False
Q5SMC7,3B0V,False
Q5UP54,3GWN,False
Q5UP54,3TD7,False
Q5UPL2,4Z24,False
Q5UPL2,4Z25,False
Q5UPL2,4Z26,False
Q5UPL2,7YX3,False
Q5W271,5ZW0,False
Q5W271,5ZW2,False
Q5W271,5ZW7,False
Q5W271,5ZW8,False
Q5W271,6AF6,False
Q5W9R9,2YR4,False
Q5W9R9,2YR5,False
Q5W9R9,2YR6,False
Q5W9R9,3AYI,False
Q5W9R9,3AYJ,False
Q5W9R9,3AYL,False
Q5XC60,2BC0,False
Q5XC60,2BC1,False
Q5XC60,2BCP,False
Q5YTV5,5KOW,False
Q5YTV5,5KOX,False
Q5YTV5,6C7S,False
Q5ZAJ0,3A8R,False
Q60049,1NOX,False
Q60365,2OYN,False
Q60365,2P3M,False
Q60365,2VBS,False
Q60365,2VBT,False
Q60365,2VBU,False
Q60365,2VBV,False
Q63042,1OQC,False
Q63042,3R7C,False
Q63342,4P9S,False
Q63342,4PAA,False
Q63342,4PAB,False
Q63707,1UUM,False
Q63707,1UUO,False
Q63707,4ORI,False
Q64669,1DXQ,False
Q65163,3GWL,False
Q652L6,5JCI,False
Q652L6,5JCK,False
Q652L6,5JCL,False
Q652L6,5JCM,False
Q652L6,5JCN,False
Q658P3,2VNS,False
Q658P3,2VQ3,False
Q65JX9,4PYT,False
Q66BP3,7Q6M,False
Q66BP3,7Q6O,False
Q687X5,6HCY,False
Q687X5,6HD1,False
Q6F6A2,3UMV,False
Q6IUU3,4P2L,False
Q6N2U4,5YGQ,False
Q6PHW0,4TTC,False
Q6PW77,1ZR6,False
Q6PW77,2AXR,False
Q6PW77,3HSU,False
Q6Q271,5ZC2,False
Q6Q271,5ZYR,False
Q6Q272,2JBR,False
Q6Q272,2JBS,False
Q6Q272,2JBT,False
Q6QWR1,4MIF,False
Q6QWR1,4MIG,False
Q6QWR1,4MIH,False
Q6SSJ6,2DKH,False
Q6SSJ6,2DKI,False
Q6STF1,1REO,False
Q6STF1,1TDK,False
Q6STF1,1TDN,False
Q6STF1,1TDO,False
Q6TGQ9,4E0V,False
Q6WNP1,4DOY,False
Q709F0,2WBI,False
Q72IB8,2EKG,False
Q72IB8,2G37,False
Q72IB8,5M42,False
Q738X4,9C0W,False
Q746I8,1VCF,False
Q746I8,1VCG,False
Q7L1T6,3LF5,False
Q7L1T6,6MV1,False
Q7L1T6,6MV2,False
Q7RTP6,2D88,False
Q7RTP6,5SZG,False
Q7RTP6,6ICI,False
Q7TNG8,8JDB,False
Q7TNG8,8JDC,False
Q7TNG8,8JDD,False
Q7TNG8,8JDE,False
Q7TNG8,8JDF,False
Q7TNG8,8JDG,False
Q7TNG8,8JDN,False
Q7TNG8,8JDO,False
Q7TNG8,8JDP,False
Q7TNG8,8JDQ,False
Q7TNG8,8JDR,False
Q7TNG8,8JDS,False
Q7TNG8,8JDT,False
Q7TNG8,8JDU,False
Q7TNG8,8JDV,False
Q7TNG8,8JDX,False
Q7TNG8,8JDY,False
Q7TNG8,8JDZ,False
Q7UC03,2FZV,False
Q7X2H8,2JBV,False
Q7X2H8,3LJP,False
Q7X2H8,3NNE,False
Q7Z144,5UJC,False
Q7ZAG8,3H8I,False
Q7ZAG8,3H8L,False
Q816D9,6GAS,False
Q816D9,8C16,False
Q81BF4,8HKJ,False
Q81JP2,3P0R,False
Q81UB2,3U7I,False
Q81UB2,4M0C,False
Q831B2,2HPV,False
Q84HF5,5FN0,False
Q84HF5,5MZC,False
Q84HF5,5MZI,False
Q84HF5,5MZK,False
Q84HF5,5N7T,False
Q84HF5,5NA5,False
Q84HF5,5NAB,False
Q84HF5,5NAE,False
Q84HF5,5NAG,False
Q84HF5,5NAH,False
Q84HF5,5NAK,False
Q84HF5,5X6P,False
Q84HF5,5X6Q,False
Q84HF5,5Y66,False
Q84HF5,5Y77,False
Q84HF5,5Y7A,False
Q84HF5,6FOX,False
Q84HF5,6FOY,False
Q84HF5,6FOZ,False
Q84HF5,6FP0,False
Q84HF5,6FP1,False
Q84HF5,6FPH,False
Q84KJ5,2IJG,False
Q84KJ5,2J4D,False
Q84KJ5,2VTB,False
Q86VQ6,3H8Q,False
Q888A4,3KKJ,False
Q88FY2,5EOW,False
Q88FY2,8UIQ,False
Q88FY2,8UIV,False
Q88IY3,4C0W,False
Q88IY3,4C0X,False
Q88IY3,4C14,False
Q88J85,4C76,False
Q8A8A4,3CNE,False
Q8A8A4,4D1Y,False
Q8BND5,3T58,False
Q8BND5,3T59,False
Q8BND5,5D8I,False
Q8BND5,5D93,False
Q8BND5,5D96,False
Q8BND5,6HF1,False
Q8C0L6,5LAE,False
Q8C0L6,5LFO,False
Q8C0L6,5LGB,False
Q8C0L6,5MBX,False
Q8CVD0,6T85,False
Q8CVD0,6T86,False
Q8CVD0,6T87,False
Q8CVD0,6T88,False
Q8DUI9,3SR7,False
Q8GAJ0,7RT0,False
Q8GED9,8UC3,False
Q8GME2,4HX6,False
Q8GME2,4R82,False
Q8GMG6,4OO2,False
Q8GS60,5DQR,False
Q8GTB6,3VTE,False
Q8GXX0,2HJ3,False
Q8J136,1TZL,False
Q8J136,2F5V,False
Q8J136,2F6C,False
Q8KA85,3CP8,False
Q8KCB2,3AB1,False
Q8KHZ8,2E4G,False
Q8KHZ8,2O9Z,False
Q8KHZ8,2OA1,False
Q8KHZ8,2OAL,False
Q8KHZ8,2OAM,False
Q8KHZ8,4LU6,False
Q8KHZ8,6P00,False
Q8KHZ8,6P2V,False
Q8KHZ8,7JU0,False
Q8L3C7,2E1M,False
Q8L3C7,7E0C,False
Q8L3C7,7E0D,False
Q8LAH7,1VJI,False
Q8LAH7,2Q3R,False
Q8LPD9,1N9L,False
Q8LPD9,1N9N,False
Q8LPD9,1N9O,False
Q8LPD9,8QI8,False
Q8LPD9,8QI9,False
Q8LPD9,8QIA,False
Q8LPD9,8QIB,False
Q8LPD9,8QIF,False
Q8LPD9,8QIG,False
Q8LPD9,8QIH,False
Q8LPD9,8QII,False
Q8LPD9,8QIK,False
Q8LPD9,8QIL,False
Q8LPD9,8QIM,False
Q8LPD9,8QIN,False
Q8LPD9,8QIO,False
Q8LPD9,8QIP,False
Q8LPD9,8QIQ,False
Q8LPD9,8QIR,False
Q8LPD9,8QIS,False
Q8LPD9,8QIT,False
Q8LPD9,8QIU,False
Q8LPD9,8QIV,False
Q8LPD9,8QIW,False
Q8N465,6LPN,False
Q8N465,6LPP,False
Q8N465,6LPQ,False
Q8N465,6LPT,False
Q8N465,6LPU,False
Q8N465,6LPX,False
Q8NB78,4FWE,False
Q8NB78,4FWF,False
Q8NB78,4FWJ,False
Q8NB78,4GU0,False
Q8NB78,4GU1,False
Q8NB78,4GUR,False
Q8NB78,4GUS,False
Q8NB78,4GUT,False
Q8NB78,4GUU,False
Q8NB78,4HSU,False
Q8NB78,6R1U,False
Q8NB78,6R25,False
Q8NB78,7XE1,False
Q8NB78,7XE2,False
Q8NB78,7XE3,False
Q8NFF5,8ROM,False
Q8NFF5,8RON,False
Q8NFT2,7TAI,False
Q8TDZ2,1WYL,False
Q8TDZ2,2CO8,False
Q8TDZ2,2DK9,False
Q8TDZ2,5LE0,False
Q8TDZ2,5LPN,False
Q8TDZ2,6KU0,False
Q8TDZ2,8HLO,False
Q8TDZ2,8Y6K,False
Q8TDZ2,9EWY,False
Q8U194,5JCA,False
Q8U194,5JFC,False
Q8U195,5JCA,False
Q8U195,5JFC,False
Q8U1K9,1XHC,False
Q8VDP3,2BRA,False
Q8VDP3,2BRY,False
Q8VDP3,2C4C,False
Q8VDP3,4TXI,False
Q8VDP3,4TXK,False
Q8VPD4,2JAE,False
Q8VPD4,2JB1,False
Q8VPD4,2JB2,False
Q8VPD4,2JB3,False
Q8VQF4,4OXX,False
Q8W420,7WA4,False
Q8WU10,6ZK7,False
Q8WU10,8ORJ,False
Q8X1D8,2C0U,False
Q8X1D8,2C12,False
Q8X1D8,2REH,False
Q8X1D8,2ZAF,False
Q8X1D8,3D9D,False
Q8X1D8,3D9E,False
Q8X1D8,3D9F,False
Q8X1D8,3D9G,False
Q8X1D8,3FCJ,False
Q8XAY0,3G05,False
Q8XCQ7,2QY6,False
Q8Y776,3TX1,False
Q8YC53,3T50,False
Q8YC53,6PH2,False
Q8YC53,6PH3,False
Q8YC53,6PH4,False
Q8ZD36,3PVC,False
Q8ZD36,3SGL,False
Q8ZE60,4ESE,False
Q8ZE60,5JRO,False
Q8ZMX9,5KXJ,False
Q8ZQ40,7Q6N,False
Q91YT0,6G2J,False
Q91YT0,6G72,False
Q91YT0,6ZR2,False
Q91YT0,6ZTQ,False
Q91YT0,7AK5,False
Q91YT0,7AK6,False
Q91YT0,7B93,False
Q91YT0,7PSA,False
Q91YT0,8C2S,False
Q91YT0,8CA3,False
Q91YT0,8CA4,False
Q91YT0,8CA5,False
Q91YT0,8IAO,False
Q91YT0,8IAP,False
Q91YT0,8IB4,False
Q91YT0,8IB5,False
Q91YT0,8IB9,False
Q91YT0,8IBA,False
Q91YT0,8IBD,False
Q91YT0,8IBE,False
Q91YT0,8IC2,False
Q91YT0,8IC3,False
Q91YT0,8OLT,False
Q91YT0,8OM1,False
Q91YT0,8PW5,False
Q91YT0,8PW6,False
Q91YT0,8PW7,False
Q91YT0,8RGP,False
Q91YT0,8RGQ,False
Q91YT0,8RGR,False
Q91YT0,8RGT,False
Q91YT0,8UCA,False
Q91YT0,8XNL,False
Q91YT0,8XNM,False
Q91YT0,8XNN,False
Q91YT0,8XNO,False
Q91YT0,8XNP,False
Q91YT0,8XNQ,False
Q91YT0,8XNR,False
Q91YT0,8XNS,False
Q91YT0,8XNT,False
Q91YT0,8XNU,False
Q91YT0,8XNV,False
Q91YT0,8XNW,False
Q91YT0,8XNX,False
Q91YT0,8XNY,False
Q91YT0,8XNZ,False
Q91YT0,8XO0,False
Q92947,1SIR,False
Q92947,2R0N,False
Q92PC8,2ISJ,False
Q92PC8,2ISK,False
Q92PC8,2ISL,False
Q92R45,2Q62,False
Q92Z29,7P2F,False
Q92ZM6,3RH7,False
Q93L51,2XDO,False
Q93L51,2XYO,False
Q93L51,2Y6Q,False
Q93L51,2Y6R,False
Q93L51,3P9U,False
Q93L51,3V3N,False
Q93L51,3V3O,False
Q93L51,4A6N,False
Q93L51,4A99,False
Q93L51,4GUV,False
Q93NG3,2VOU,False
Q93NH4,3K7M,False
Q93NH4,3K7Q,False
Q93NH4,3K7T,False
Q93NH4,3NG7,False
Q93NH4,3NGC,False
Q93NH4,3NH3,False
Q93NH4,3NHO,False
Q93NH4,3NK0,False
Q93NH4,3NK1,False
Q93NH4,3NK2,False
Q93NH4,3NN0,False
Q93NH4,3NN6,False
Q945K2,1JU2,False
Q945K2,3GDN,False
Q945K2,3GDP,False
Q94655,1ONF,False
Q94BT6,5SVG,False
Q94BT6,5SVU,False
Q94BT6,5SVV,False
Q94BT6,5SVW,False
Q94BT6,6WLE,False
Q94BT6,6WLP,False
Q96329,2IX5,False
Q96329,2IX6,False
Q96524,6K8I,False
Q96524,6K8K,False
Q96524,6M79,False
Q96524,6X24,False
Q96524,7X0X,False
Q96524,7X0Y,False
Q969G6,1NB0,False
Q969G6,1NB9,False
Q969G6,1P4M,False
Q969G6,1Q9S,False
Q96CD2,1QZU,False
Q96HE7,3AHQ,False
Q96HE7,3AHR,False
Q96NN9,5O9V,False
Q96NN9,6QRM,False
Q96NN9,6SJZ,False
Q96NN9,6SK3,False
Q96NN9,6SK8,False
Q96NN9,6SKJ,False
Q96PH1,6SZ5,False
Q96PH1,8U7Y,False
Q96PH1,8U85,False
Q96PH1,8U86,False
Q96PH1,8U87,False
Q972D2,2E5V,False
Q979C2,3GLV,False
Q99489,6RKF,False
Q99LC3,6G2J,False
Q99LC3,6G72,False
Q99LC3,6ZR2,False
Q99LC3,6ZTQ,False
Q99LC3,7AK5,False
Q99LC3,7AK6,False
Q99LC3,7B93,False
Q99LC3,7PSA,False
Q99LC3,8C2S,False
Q99LC3,8CA3,False
Q99LC3,8CA5,False
Q99LC3,8IAO,False
Q99LC3,8IAQ,False
Q99LC3,8IB4,False
Q99LC3,8IB6,False
Q99LC3,8IB9,False
Q99LC3,8IBB,False
Q99LC3,8IBD,False
Q99LC3,8IBF,False
Q99LC3,8IC2,False
Q99LC3,8IC4,False
Q99LC3,8OLT,False
Q99LC3,8OM1,False
Q99LC3,8PW5,False
Q99LC3,8PW6,False
Q99LC3,8PW7,False
Q99LC3,8RGP,False
Q99LC3,8RGQ,False
Q99LC3,8RGR,False
Q99LC3,8RGT,False
Q99LC3,8UCA,False
Q99MD6,2LV3,False
Q99R54,3D1C,False
Q9AGP8,1PJ5,False
Q9AGP8,1PJ6,False
Q9AGP8,1PJ7,False
Q9AGP8,3GSI,False
Q9AL95,3KLJ,False
Q9BRQ8,8JSC,False
Q9BRQ8,8WIK,False
Q9BRQ8,8YO8,False
Q9BRQ8,8YOQ,False
Q9BRQ8,8YOX,False
Q9CFW7,5KSW,False
Q9CFW7,5UE9,False
Q9CFW8,5KSW,False
Q9CFW8,5UE9,False
Q9D7B1,1WHN,False
Q9DC69,6G2J,False
Q9DC69,6G72,False
Q9DC69,6ZR2,False
Q9DC69,6ZTQ,False
Q9DC69,7AK5,False
Q9DC69,7AK6,False
Q9DC69,7B93,False
Q9DC69,7PSA,False
Q9DC69,8C2S,False
Q9DC69,8CA3,False
Q9DC69,8CA5,False
Q9DC69,8IAO,False
Q9DC69,8IAP,False
Q9DC69,8IB4,False
Q9DC69,8IB5,False
Q9DC69,8IB9,False
Q9DC69,8IBA,False
Q9DC69,8IBD,False
Q9DC69,8IBE,False
Q9DC69,8IC2,False
Q9DC69,8IC3,False
Q9DC69,8OLT,False
Q9DC69,8OM1,False
Q9DC69,8PW5,False
Q9DC69,8PW6,False
Q9DC69,8PW7,False
Q9DC69,8RGP,False
Q9DC69,8RGQ,False
Q9DC69,8RGR,False
Q9DC69,8RGT,False
Q9DC69,8UCA,False
Q9DC69,8XNL,False
Q9DC69,8XNM,False
Q9DC69,8XNN,False
Q9DC69,8XNO,False
Q9DC69,8XNP,False
Q9DC69,8XNQ,False
Q9DC69,8XNR,False
Q9DC69,8XNS,False
Q9DC69,8XNT,False
Q9DC69,8XNU,False
Q9DC69,8XNV,False
Q9DC69,8XNW,False
Q9DC69,8XNX,False
Q9DC69,8XNY,False
Q9DC69,8XNZ,False
Q9DC69,8XO0,False
Q9DCX8,3GB5,False
Q9DCX8,3GFD,False
Q9DCX8,3GH8,False
Q9DCX8,3TNZ,False
Q9DCX8,3TO0,False
Q9F0J6,1E5D,False
Q9FDN7,1YCF,False
Q9FDN7,1YCG,False
Q9FDN7,1YCH,False
Q9FEW9,2HS6,False
Q9FEW9,2HS8,False
Q9FEW9,2HSA,False
Q9FEW9,3HGO,False
Q9FEW9,3HGS,False
Q9FEW9,8AUA,False
Q9FEW9,8AUB,False
Q9FEW9,8AUE,False
Q9FEW9,8AUJ,False
Q9FEW9,8AUL,False
Q9FEW9,8AUM,False
Q9FEW9,8AUN,False
Q9FEW9,8AUO,False
Q9FEW9,8AUQ,False
Q9FEW9,8QMX,False
Q9FEW9,8QN1,False
Q9FEW9,8QN3,False
Q9FEW9,8QN9,False
Q9FEW9,8S8V,False
Q9FEW9,8S8Y,False
Q9FEW9,9EM0,False
Q9FEW9,9EM2,False
Q9FEW9,9EM3,False
Q9FEW9,9EM4,False
Q9FEW9,9EM5,False
Q9FEW9,9EM6,False
Q9FI21,5D79,False
Q9FNN5,7A23,False
Q9FNN5,7A24,False
Q9FNN5,7AQR,False
Q9FNN5,7AR7,False
Q9FNN5,7AR8,False
Q9FNN5,7ARB,False
Q9FNN5,8BED,False
Q9FNN5,8BPX,False
Q9FNN5,8BQ5,False
Q9FNN5,8BQ6,False
Q9FUJ1,2EXR,False
Q9FUJ1,2Q4W,False
Q9FUP0,1Q45,False
Q9FUP0,2G5W,False
Q9FUP0,2Q3O,False
Q9H845,8PHE,False
Q9H845,8PHF,False
Q9HFE4,1VQW,False
Q9HFE4,2GV8,False
Q9HFE4,2GVC,False
Q9HJA6,3CTA,False
Q9HJA6,5TRD,False
Q9HKS9,3OZ2,False
Q9HTK9,2V3A,False
Q9HTK9,2V3B,False
Q9HUH4,5EZ7,False
Q9HWG9,2RGJ,False
Q9HWG9,3C96,False
Q9HWH9,4Q4K,False
Q9HX08,3ZQU,False
Q9HX08,4ZAF,False
Q9HX08,4ZAG,False
Q9HX08,4ZAL,False
Q9HX08,4ZAN,False
Q9HX08,4ZAV,False
Q9HX08,4ZAW,False
Q9HX08,4ZAX,False
Q9HX08,4ZAY,False
Q9HX08,4ZAZ,False
Q9HXE3,3NYC,False
Q9HXE3,3NYE,False
Q9HXE3,3NYF,False
Q9HXE3,3SM8,False
Q9HXE3,6P9D,False
Q9HXE3,6PLD,False
Q9HXE3,7RDF,False
Q9HYH1,5B3K,False
Q9HYH1,5B3L,False
Q9HYK7,2QDX,False
Q9HYK7,3CRZ,False
Q9HZM7,4JAY,False
Q9HZM7,4JB1,False
Q9HZM7,7OR2,False
Q9HZM7,7ORZ,False
Q9HZM7,7OSQ,False
Q9I3D1,5U8U,False
Q9I4D4,1RTT,False
Q9I4D4,1X77,False
Q9I4V0,2GJL,False
Q9I4V0,2GJN,False
Q9I4V0,6E2A,False
Q9I509,1ZWK,False
Q9I509,1ZWL,False
Q9I509,2A5L,False
Q9I5F3,2V9C,False
Q9I5F3,3KEG,False
Q9I5F3,3LT5,False
Q9I5F3,3R6W,False
Q9I5F3,4N65,False
Q9I5F3,4N9Q,False
Q9I6N5,4IP2,False
Q9I6N5,4IWS,False
Q9I6N5,7ABN,False
Q9I6N5,7ABO,False
Q9JLT4,1ZDL,False
Q9JLT4,1ZKQ,False
Q9JLT4,3DGZ,False
Q9JZQ3,7RML,False
Q9KMY3,4EH1,False
Q9KPS2,8A1U,False
Q9KPS2,8ACY,False
Q9KPS2,8EVU,False
Q9KV40,3I99,False
Q9L6V3,2BGI,False
Q9L6V3,2BGJ,False
Q9L6V3,2VNH,False
Q9L6V3,2VNI,False
Q9L6V3,2VNJ,False
Q9L6V3,2VNK,False
Q9L6V3,4K1X,False
Q9NRD9,7D3E,False
Q9NRD9,7D3F,False
Q9NVS9,1NRG,False
Q9NVS9,3HY8,False
Q9NVS9,6H00,False
Q9NVS9,8QYT,False
Q9NVS9,8QYW,False
Q9NVS9,8ROS,False
Q9NWM0,7OXL,False
Q9NWM0,7OY0,False
Q9NX74,4WFS,False
Q9NX74,4WFT,False
Q9NX74,4XP7,False
Q9NX74,5OC4,False
Q9NX74,5OC5,False
Q9NX74,5OC6,False
Q9NX74,6EI8,False
Q9NX74,6EZA,False
Q9NX74,6EZB,False
Q9NX74,6EZC,False
Q9NX74,6F00,False
Q9PM41,1SQ1,False
Q9R194,4I6E,False
Q9R194,4I6G,False
Q9R194,4I6J,False
Q9R194,4MLP,False
Q9R194,4U8H,False
Q9R194,6KX8,False
Q9R194,7D0N,False
Q9R194,7EJ9,False
Q9R194,7V8Y,False
Q9R194,7V8Z,False
Q9RC23,1P3Y,False
Q9RQJ2,4YT9,False
Q9RQJ2,4YTB,False
Q9RQJ2,4YTG,False
Q9RQJ2,5AK7,False
Q9RQJ2,5AK8,False
Q9RQJ2,6I0X,False
Q9RW55,4H6Q,False
Q9RW55,4H6R,False
Q9RYU4,1YDG,False
Q9RYU4,1YRH,False
Q9S3U8,3C4A,False
Q9S3V1,5G3S,False
Q9S3V1,5G3T,False
Q9S3V1,5G3U,False
Q9S3V1,5ZBC,False
Q9S3V1,5ZBD,False
Q9S3V1,6ESD,False
Q9S3V1,6FW7,False
Q9S3V1,6FW8,False
Q9S3V1,6FW9,False
Q9S3V1,6FWA,False
Q9S3V1,6G2P,False
Q9S4M7,7AE4,False
Q9S4M7,7AE5,False
Q9S4M7,7AE7,False
Q9SK66,7A23,False
Q9SK66,7A24,False
Q9SK66,7AQR,False
Q9SK66,7AR7,False
Q9SK66,7AR8,False
Q9SK66,7ARB,False
Q9SK66,8BEE,False
Q9SK66,8BPX,False
Q9SK66,8BQ5,False
Q9SK66,8BQ6,False
Q9SUM3,5GXU,False
Q9SWE5,1E20,False
Q9SWE5,1MVL,False
Q9SWE5,1MVN,False
Q9T0N8,1W1O,False
Q9T0N8,1W1Q,False
Q9T0N8,1W1R,False
Q9T0N8,1W1S,False
Q9T0N8,2QKN,False
Q9T0N8,2QPM,False
Q9T0N8,3BW7,False
Q9T0N8,3C0P,False
Q9T0N8,3DQ0,False
Q9T0N8,3KJM,False
Q9T0N8,3S1C,False
Q9T0N8,3S1D,False
Q9T0N8,3S1E,False
Q9T0N8,3S1F,False
Q9UBK8,2QTL,False
Q9UBK8,2QTZ,False
Q9UHB4,4H2D,False
Q9UHE8,6Y9B,False
Q9UHE8,8UCD,False
Q9UI17,5L46,False
Q9UJM8,2NZL,False
Q9UJM8,2RDT,False
Q9UJM8,2RDU,False
Q9UJM8,2RDW,False
Q9UJM8,2W0U,False
Q9UJM8,5QIB,False
Q9UJM8,5QIC,False
Q9UJM8,5QID,False
Q9UJM8,5QIE,False
Q9UJM8,5QIF,False
Q9UJM8,5QIG,False
Q9UJM8,5QIH,False
Q9UJM8,6GMB,False
Q9UJM8,6GMC,False
Q9UJM8,6W44,False
Q9UJM8,6W45,False
Q9UJM8,6W4C,False
Q9UJM8,7M2O,False
Q9UJM8,7R4N,False
Q9UJM8,7R4O,False
Q9UJM8,7R4P,False
Q9UKU7,1RX0,False
Q9WYT0,1KQ4,False
Q9WYT0,1O24,False
Q9WYT0,1O25,False
Q9WYT0,1O26,False
Q9WYT0,1O27,False
Q9WYT0,1O28,False
Q9WYT0,1O29,False
Q9WYT0,1O2A,False
Q9WYT0,1O2B,False
Q9WYT0,3G4A,False
Q9WYT0,3G4C,False
Q9WYT0,3N0B,False
Q9WYT0,3N0C,False
Q9WYT0,4GT9,False
Q9WYT0,4GTA,False
Q9WYT0,4GTB,False
Q9WYT0,4GTC,False
Q9WYT0,4GTD,False
Q9WYT0,4GTE,False
Q9WYT0,4GTF,False
Q9WYT0,4GTL,False
Q9WYT0,4KAR,False
Q9WYT0,4KAS,False
Q9WYT0,4KAT,False
Q9WYT0,5CHP,False
Q9WYT0,5IOQ,False
Q9WYT0,5IOR,False
Q9WYT0,5IOS,False
Q9WYT0,5IOT,False
Q9WYT0,5JFE,False
Q9WYT0,7NDW,False
Q9WYT0,7NDZ,False
Q9WYT0,8REN,False
Q9WYT0,8REO,False
Q9WYT0,8REP,False
Q9WYT0,8REQ,False
Q9WZP2,3DKT,False
Q9WZP2,6WKV,False
Q9WZP2,7K5W,False
Q9WZP2,7KQ5,False
Q9WZP2,7LII,False
Q9WZP2,7LIJ,False
Q9WZP2,7LIK,False
Q9WZP2,7LIL,False
Q9WZP2,7LIM,False
Q9WZP2,7LIS,False
Q9WZP2,7LIT,False
Q9WZP2,7MU1,False
Q9X1X4,4YLF,False
Q9X1X4,4YRY,False
Q9X4Q8,4U9U,False
Q9X4Q8,8A1U,False
Q9X4Q8,8ACY,False
Q9X4Q8,8EVU,False
Q9XG54,1ICP,False
Q9XG54,1ICQ,False
Q9XG54,1ICS,False
Q9XG54,3HGR,False
Q9XWZ2,4Y9J,False
Q9XWZ2,4Y9L,False
Q9Y4U1,3SBY,False
Q9Y4U1,3SBZ,False
Q9Y4U1,3SC0,False
Q9Y4U1,3SOM,False
Q9Y4U1,5UOS,False
Q9Y4U1,7WUZ,False
Q9Y6N5,6MO6,False
Q9Y6N5,6MP5,False
Q9Y6N5,6OI5,False
Q9Y6N5,6OI6,False
Q9Y6N5,6OIB,False
Q9Y6N5,6OIC,False
Q9Y6N5,6WH6,False
Q9Y6N5,8DHK,False
Q9YHT1,1YQ3,False
Q9YHT1,1YQ4,False
Q9YHT1,2FBW,False
Q9YHT1,2H88,False
Q9YHT1,2H89,False
Q9YHT1,2WQY,False
Q9YHT1,6MYO,False
Q9YHT1,6MYP,False
Q9YHT1,6MYQ,False
Q9YHT1,6MYR,False
Q9YHT1,6MYS,False
Q9YHT1,6MYT,False
Q9YHT1,6MYU,False
Q9Z0J4,2O60,False
Q9Z0X1,1GV4,False
Q9Z0X1,3GD3,False
Q9Z0X1,3GD4,False
Q9Z0X1,5MIU,False
Q9Z0X1,5MIV,False
Q9Z0X1,8QNS,False
Q9ZBU1,2VFR,False
Q9ZBU1,2VFS,False
Q9ZBU1,2VFT,False
Q9ZBU1,2VFU,False
Q9ZBU1,2VFV,False
Q9ZK53,1FUE,False
S4S3E3,8CT0,False
S4S6Z0,9ENH,False
S4S6Z0,9ENI,False
S4S6Z0,9ENJ,False
S4S6Z0,9ENK,False
S4S6Z0,9ENN,False
T2G6Z9,3GYX,False
